ProjectShortName,SiteID,SubStation,geohash,Iteration,Latitude,Longitude,DateDeploy,TimeDeploy,DateRetrieve,TimeRetrieve,DateTimeDeploy,DateTimeRetrieve,Problem1_from,Problem1_to,CameraHeight,CameraBearing,CameraSlope,CameraID,CameraSensitivity,CameraDelay,CameraPhotosPerTrigger,CameraQuietPeriod,BaitedUnbaited,BaitType,BaitDistance,CameraModel,camtrap_operation_database_ID,Timestamp,Uploader
StatewideDeer,10788,NA,r1hzm8s8,1,-38.09774,141.927733,2022-09-18,16:56:00,2022-11-07,17:25:00,2022-09-18T06:56:00Z,2022-11-07T06:25:00Z,NA,NA,1,180,0,H2RXHO04104980,High,Rapidfire,5,0,Unbaited,None,NA,HYPERFIRE 2 COVERT,b65592bc7a9280567496df895039dc35,2023-06-19T01:57:43Z,Justin Cally
StatewideDeer,11084,NA,r1sbpw4y,1,-36.528388,142.013297,2022-04-05,13:11:20,2022-05-11,13:00:00,2022-04-05T03:11:20Z,2022-05-11T03:00:00Z,NA,NA,1,180,0,HO04101928,High,Rapidfire,5,0,Unbaited,None,NA,HYPERFIRE 2 COVERT,34f24edde8bbb7baa962e66d78e96da2,2023-06-19T01:57:43Z,Justin Cally
StatewideDeer,115,NA,r1u38h4m,1,-34.8696,140.979821,2022-09-16,10:27:00,2022-11-09,16:05:00,2022-09-16T00:27:00Z,2022-11-09T05:05:00Z,2022-10-03T06:22:40Z,2022-11-09T05:05:00Z,1,190,12,H2RXHO04104948,High,Rapidfire,5,0,Unbaited,None,NA,HYPERFIRE 2 COVERT,0f493132dfd994c8a6c25d8467b1e244,2023-06-19T01:57:43Z,Justin Cally
StatewideDeer,11733,NA,r1tj3wjz,1,-35.605374,142.10529,2022-09-15,08:53:00,2022-11-10,18:05:00,2022-09-14T22:53:00Z,2022-11-10T07:05:00Z,NA,NA,1,168,0,H2RXHO0401053,High,Rapidfire,5,0,Unbaited,None,NA,HYPERFIRE 2 COVERT,3775d015134e555848715578824775ce,2023-06-19T01:57:43Z,Justin Cally
StatewideDeer,11805,NA,r1m52nn4,1,-37.36407,142.039811,2022-09-18,08:05:00,2022-11-08,08:10:00,2022-09-17T22:05:00Z,2022-11-07T21:10:00Z,NA,NA,1,170,4,H2RXHO04102720,High,Rapidfire,5,0,Unbaited,None,NA,HYPERFIRE 2 COVERT,5605bb6258fef50b40955b0c6b4b4998,2023-06-19T01:57:43Z,Justin Cally
StatewideDeer,12812,NA,r1mhfcje,1,-37.12778,142.15979,2021-10-17,15:44:00,2021-12-09,13:58:00,2021-10-17T04:44:00Z,2021-12-09T02:58:00Z,NA,NA,1,184,6,HO04104948,High,Rapidfire,5,0,Unbaited,None,NA,HYPERFIRE 2 COVERT,72248455465b05e674c91a0bb63969fa,2023-06-19T01:57:43Z,Justin Cally
StatewideDeer,12887,NA,r1v5hgd6,1,-34.609192,142.243334,2022-04-06,12:03:32,2022-05-12,10:40:00,2022-04-06T02:03:32Z,2022-05-12T00:40:00Z,NA,NA,1,150,0,HO04104982,High,Rapidfire,5,0,Unbaited,None,NA,HYPERFIRE 2 COVERT,edd5e05b1149a66dc6d94e5fb30c6167,2023-06-19T01:57:43Z,Justin Cally
StatewideDeer,12933,NA,r1mh7p3t,1,-37.180957,142.16523,2022-03-30,16:21:13,2022-05-10,12:00:00,2022-03-30T05:21:13Z,2022-05-10T02:00:00Z,NA,NA,1,180,0,HO04101181,High,Rapidfire,5,0,Unbaited,None,NA,HYPERFIRE 2 COVERT,88fd7a477a2bda46a656c6bf5404ffbf,2023-06-19T01:57:43Z,Justin Cally
StatewideDeer,12979,NA,r1tjhq2b,1,-35.64925,142.21916,2021-10-16,11:00:00,2021-12-09,10:40:00,2021-10-16T00:00:00Z,2021-12-08T23:40:00Z,NA,NA,1,155,2,HO04104982,High,Rapidfire,5,0,Unbaited,None,NA,HYPERFIRE 2 COVERT,7c90e52fb88f1d91e2669aee0ca3eead,2023-06-19T01:57:43Z,Justin Cally
StatewideDeer,13417,NA,r1m57g7b,1,-37.37954,142.20148,2021-10-18,12:10:00,2021-12-09,14:54:00,2021-10-18T01:10:00Z,2021-12-09T03:54:00Z,NA,NA,1,178,0,HO04104900,High,Rapidfire,5,0,Unbaited,None,NA,HYPERFIRE 2 COVERT,fd2fc6f4ce14c6eb781febc0f221a4d8,2023-06-19T01:57:43Z,Justin Cally
StatewideDeer,13421,NA,r1mhh590,1,-37.24624,142.20866,2021-10-18,10:51:00,2021-12-09,15:19:15,2021-10-17T23:51:00Z,2021-12-09T04:19:15Z,NA,NA,1,145,0,HO04102872,High,Rapidfire,5,0,Unbaited,None,NA,HYPERFIRE 2 COVERT,30acb4c08db1ddc1dc93a5ac49e0e7d3,2023-06-19T01:57:43Z,Justin Cally
StatewideDeer,1358,NA,r1k20mxt,1,-37.937586,140.998009,2022-03-31,13:54:09,2022-05-10,09:30:00,2022-03-31T02:54:09Z,2022-05-09T23:30:00Z,NA,NA,1,170,0,HO04103994,High,Rapidfire,5,0,Unbaited,None,NA,HYPERFIRE 2 COVERT,970c85087fb439d4024c186747090080,2023-06-19T01:57:43Z,Justin Cally
StatewideDeer,13786,NA,r1mhhuu5,1,-37.238921,142.245771,2022-03-30,15:31:10,2022-05-10,13:10:00,2022-03-30T04:31:10Z,2022-05-10T03:10:00Z,NA,NA,1,180,0,HO04101176,High,Rapidfire,5,0,Unbaited,None,NA,HYPERFIRE 2 COVERT,c0e8397753efc590ce432ce1421a2eee,2023-06-19T01:57:43Z,Justin Cally
StatewideDeer,14226,NA,r1v4rkmq,1,-34.73632,142.357377,2022-04-06,10:42:13,2022-05-12,09:30:00,2022-04-06T00:42:13Z,2022-05-11T23:30:00Z,NA,NA,1,90,2,HO04104948,High,Rapidfire,5,0,Unbaited,None,NA,HYPERFIRE 2 COVERT,fce5953f388f07c03d8dc89c53a2baaa,2023-06-19T01:57:43Z,Justin Cally
StatewideDeer,14276,NA,r1mhyjvu,1,-37.101379,142.302831,2022-09-18,09:55:00,2022-11-08,21:40:00,2022-09-17T23:55:00Z,2022-11-08T10:40:00Z,NA,NA,1,195,8,H2RXHO04102748,High,Rapidfire,5,0,Unbaited,None,NA,HYPERFIRE 2 COVERT,8f900e7eb244a7785d11af9ef54bc4f3,2023-06-19T01:57:43Z,Justin Cally
StatewideDeer,14624,NA,r1mhqzs5,1,-37.17993,142.33369,2021-10-18,09:35:00,2021-12-09,15:52:10,2021-10-17T22:35:00Z,2021-12-09T04:52:10Z,NA,NA,1,168,0,HO04104950,High,Rapidfire,5,0,Unbaited,None,NA,HYPERFIRE 2 COVERT,817f2347725ef6df37637f2b76691b81,2023-06-19T01:57:43Z,Justin Cally
StatewideDeer,14692,NA,r1v32sve,1,-34.909856,142.412547,2022-04-06,08:46:15,2022-05-12,08:30:00,2022-04-05T22:46:15Z,2022-05-11T22:30:00Z,NA,NA,1,180,0,HO04104854,High,Rapidfire,5,0,Unbaited,None,NA,HYPERFIRE 2 COVERT,11a800f7a712f37e5198e6920846e956,2023-06-19T01:57:43Z,Justin Cally
StatewideDeer,1479,NA,r1k22yt6,1,-37.888597,141.016816,2022-03-31,15:41:01,2022-05-10,10:00:00,2022-03-31T04:41:01Z,2022-05-10T00:00:00Z,NA,NA,1,180,4,HO04104925,High,Rapidfire,5,0,Unbaited,None,NA,HYPERFIRE 2 COVERT,d00c67f5a066574dbbce4cf08f4cebcc,2023-06-19T01:57:43Z,Justin Cally
StatewideDeer,15300,NA,r1m78w8q,1,-37.316668,142.405367,2022-03-30,13:57:31,2022-05-10,13:50:00,2022-03-30T02:57:31Z,2022-05-10T03:50:00Z,NA,NA,1,155,0,HO04105163,High,Rapidfire,5,0,Unbaited,None,NA,HYPERFIRE 2 COVERT,b28763c0de7b93ff5e2225e6c4c41c63,2023-06-19T01:57:43Z,Justin Cally
StatewideDeer,15628,NA,r1m695d2,1,-37.510027,142.429966,2022-09-17,16:56:00,2022-11-08,12:00:00,2022-09-17T06:56:00Z,2022-11-08T01:00:00Z,NA,NA,1,165,0,H2RXHO04102421,High,Rapidfire,5,0,Unbaited,None,NA,HYPERFIRE 2 COVERT,06aa6e8b6a9a158fbbdf87c7f7a8f963,2023-06-19T01:57:43Z,Justin Cally
StatewideDeer,16177,NA,r1m747e5,1,-37.421508,142.485919,2022-03-30,11:35:13,2022-05-10,16:00:00,2022-03-30T00:35:13Z,2022-05-10T06:00:00Z,NA,NA,1,150,2,HO04102708,High,Rapidfire,5,0,Unbaited,None,NA,HYPERFIRE 2 COVERT,f6f65d5fc08468c2274c5616b20a52db,2023-06-19T01:57:43Z,Justin Cally
StatewideDeer,16290,NA,r1m7epfk,1,-37.310246,142.51795,2022-03-30,10:02:27,2022-05-10,15:15:00,2022-03-29T23:02:27Z,2022-05-10T05:15:00Z,NA,NA,1,180,15,HO04104949,High,Rapidfire,5,0,Unbaited,None,NA,HYPERFIRE 2 COVERT,90ef71802e7d568f2c755f65e56ec305,2023-06-19T01:57:43Z,Justin Cally
StatewideDeer,16293,NA,r1mk7h00,1,-37.19969,142.51466,2021-10-18,15:42:00,2021-12-09,17:04:13,2021-10-18T04:42:00Z,2021-12-09T06:04:13Z,NA,NA,1,138,15,HO04102875,High,Rapidfire,5,0,Unbaited,None,NA,HYPERFIRE 2 COVERT,4f70105179ed752394aa0bd538a95af1,2023-06-19T01:57:43Z,Justin Cally
StatewideDeer,16508,NA,r1m7gqpb,1,-37.276481,142.536373,2022-09-18,12:15:00,2022-11-08,10:47:00,2022-09-18T02:15:00Z,2022-11-07T23:47:00Z,NA,NA,1,176,2,H2RXHO04102872,High,Rapidfire,5,0,Unbaited,None,NA,HYPERFIRE 2 COVERT,1a552c9818be1aa7d431383169c7aedb,2023-06-19T01:57:43Z,Justin Cally
StatewideDeer,16615,NA,r1m779py,1,-37.3908,142.547452,2022-09-18,13:51:00,2022-11-08,11:17:00,2022-09-18T03:51:00Z,2022-11-08T00:17:00Z,NA,NA,1,4,3,H2RXHO04101038,High,Rapidfire,5,0,Unbaited,None,NA,HYPERFIRE 2 COVERT,4c6e3d8c9b867a1f06cc95aa07d66e7c,2023-06-19T01:57:43Z,Justin Cally
StatewideDeer,17874,NA,r1mmnfxe,1,-37.075425,142.689931,2022-03-29,17:03:49,2022-05-27,10:45:00,2022-03-29T06:03:49Z,2022-05-27T00:45:00Z,NA,NA,1,160,1,HO04101930,High,Rapidfire,5,0,Unbaited,None,NA,HYPERFIRE 2 COVERT,953c5c433d9221a40e63da8d20a020bd,2023-06-19T01:57:43Z,Justin Cally
StatewideDeer,1957,NA,r1hr9ve7,1,-38.025911,141.058102,2022-03-31,12:25:39,2022-05-10,08:30:00,2022-03-31T01:25:39Z,2022-05-09T22:30:00Z,NA,NA,1,170,3,HO04102748,High,Rapidfire,5,0,Unbaited,None,NA,HYPERFIRE 2 COVERT,6a3d6395c572f43f82835f8f861688d0,2023-06-19T01:57:43Z,Justin Cally
StatewideDeer,20703,NA,r1msm2fv,1,-37.216558,142.969007,2022-09-13,17:27:00,2022-11-11,13:00:00,2022-09-13T07:27:00Z,2022-11-11T02:00:00Z,NA,NA,1,140,0,H2RXHO04101704,High,Rapidfire,5,0,Unbaited,None,NA,HYPERFIRE 2 COVERT,b4a74e786f8ab0c4ff1f0eaf4ddb3c1f,2023-06-19T01:57:43Z,Justin Cally
StatewideDeer,2198,NA,r1hrdm9m,1,-38.02546,141.07719,2021-10-14,09:10:00,2021-12-06,18:38:00,2021-10-13T22:10:00Z,2021-12-06T07:38:00Z,NA,NA,1,170,1,HO04104854,High,Rapidfire,5,0,Unbaited,None,NA,HYPERFIRE 2 COVERT,43c8c18b791527f1956c84a36e203899,2023-06-19T01:57:43Z,Justin Cally
StatewideDeer,23205,NA,r1mz52sd,1,-36.735189,143.234981,2022-03-29,15:18:04,2022-05-12,17:00:00,2022-03-29T04:18:04Z,2022-05-12T07:00:00Z,NA,NA,1,180,3,HO04104535,High,Rapidfire,5,0,Unbaited,None,NA,HYPERFIRE 2 COVERT,9b95e0520085990b60c604af7cd445ca,2023-06-19T01:57:43Z,Justin Cally
StatewideDeer,23308,NA,r1mgew1t,1,-37.319676,143.241951,2022-03-29,08:43:49,2022-05-27,09:20:00,2022-03-28T21:43:49Z,2022-05-26T23:20:00Z,NA,NA,1,160,1,HO04102691,High,Rapidfire,5,0,Unbaited,None,NA,HYPERFIRE 2 COVERT,3338a4f6acaef58e9e3936e8ec71407e,2023-06-19T01:57:43Z,Justin Cally
StatewideDeer,24138,NA,r1mvj7sy,1,-37.069487,143.323446,2022-09-14,08:39:09,2022-11-11,11:46:00,2022-09-13T22:39:09Z,2022-11-11T00:46:00Z,NA,NA,1,180,5,H2RXHO04104854,High,Rapidfire,5,0,Unbaited,None,NA,HYPERFIRE 2 COVERT,be5d54edbc187c0d7e1e3954f79413e0,2023-06-19T01:57:43Z,Justin Cally
StatewideDeer,24247,NA,r1mvjbhk,1,-37.08902,143.3448,2021-10-19,10:00:00,2021-12-10,10:14:38,2021-10-18T23:00:00Z,2021-12-09T23:14:38Z,NA,NA,1,191,35,HO04101664,High,Rapidfire,5,0,Unbaited,None,NA,HYPERFIRE 2 COVERT,44c303ab9859902a1d918c3d321166ee,2023-06-19T01:57:43Z,Justin Cally
StatewideDeer,24526,NA,r1jumeh1,1,-38.61111,143.33325,2021-10-13,14:32:00,2021-12-06,13:38:00,2021-10-13T03:32:00Z,2021-12-06T02:38:00Z,NA,NA,1,160,2,HO04101053,High,Rapidfire,5,0,Unbaited,None,NA,HYPERFIRE 2 COVERT,98729da4bd670db561f38c2851b827f9,2023-06-19T01:57:43Z,Justin Cally
StatewideDeer,25067,NA,r1jvrk16,1,-38.429755,143.406422,2022-09-19,08:25:00,2022-11-07,14:34:00,2022-09-18T22:25:00Z,2022-11-07T03:34:00Z,NA,NA,1,175,0,H2RXHO04101065,High,Rapidfire,5,0,Unbaited,None,NA,HYPERFIRE 2 COVERT,c31ef7755d984d1afd2cf48838f6cdb1,2023-06-19T01:57:43Z,Justin Cally
StatewideDeer,2602,NA,r1kruzth,1,-36.56451,141.19241,2021-10-15,10:56:00,2021-12-07,14:51:00,2021-10-14T23:56:00Z,2021-12-07T03:51:00Z,NA,NA,1,200,1,HO04102687,High,Rapidfire,5,0,Unbaited,None,NA,HYPERFIRE 2 COVERT,dee0acd7361eb30dbd6b1ab5b83fc7f0,2023-06-19T01:57:43Z,Justin Cally
StatewideDeer,2630,NA,r1smmcwm,1,-35.630453,141.237995,2022-09-16,13:38:00,2022-11-09,13:22:00,2022-09-16T03:38:00Z,2022-11-09T02:22:00Z,NA,NA,1,160,0,H2RXHO04101928,High,Rapidfire,5,0,Unbaited,None,NA,HYPERFIRE 2 COVERT,89832c4bb20e5cdcfaf758daec605dbb,2023-06-19T01:57:43Z,Justin Cally
StatewideDeer,26361,NA,r1nj4qp2,1,-38.46306,143.546335,2022-09-19,09:46:00,2022-11-07,13:45:00,2022-09-18T23:46:00Z,2022-11-07T02:45:00Z,NA,NA,1,175,5,H2RXHO04102708,High,Rapidfire,5,0,Unbaited,None,NA,HYPERFIRE 2 COVERT,8d320857a14efbd6f7efaa51f7da0c33,2023-06-19T01:57:43Z,Justin Cally
StatewideDeer,2661,NA,r1u7pn8d,1,-34.59269,141.285129,2022-09-16,08:12:00,2022-11-09,18:30:00,2022-09-15T22:12:00Z,2022-11-09T07:30:00Z,NA,NA,1,186,1,H2RXHO04102687,High,Rapidfire,5,0,Unbaited,None,NA,HYPERFIRE 2 COVERT,b7abfb0b6820c7ed4b1f112f595f2b34,2023-06-19T01:57:43Z,Justin Cally
StatewideDeer,26712,NA,r1qhebxv,1,-37.174047,143.61322,2022-03-29,10:49:44,2022-05-27,12:47:00,2022-03-28T23:49:44Z,2022-05-27T02:47:00Z,NA,NA,1,180,5,HO04101051,High,Rapidfire,5,0,Unbaited,None,NA,HYPERFIRE 2 COVERT,a4215ed5e62dafa341f632830765c87e,2023-06-19T01:57:43Z,Justin Cally
StatewideDeer,26826,NA,r1qnswg0,1,-36.789022,143.639439,2022-09-14,10:42:00,2022-11-11,10:29:00,2022-09-14T00:42:00Z,2022-11-10T23:29:00Z,NA,NA,1,170,2,H2RXHO04104179,High,Rapidfire,5,0,Unbaited,None,NA,HYPERFIRE 2 COVERT,f774002afc0a183ea1801abba5315459,2023-06-19T01:57:43Z,Justin Cally
StatewideDeer,26873,NA,r1nh5gu2,1,-38.651209,143.608349,2022-09-19,11:48:00,2022-11-07,12:39:00,2022-09-19T01:48:00Z,2022-11-07T01:39:00Z,NA,NA,1,165,22,H2RXHO04103994,High,Rapidfire,5,0,Unbaited,None,NA,HYPERFIRE 2 COVERT,d8419340f2309bdfbfbc7c3e17be14cf,2023-06-19T01:57:43Z,Justin Cally
StatewideDeer,27149,NA,r1w1mrwq,1,-36.300477,143.676862,2022-04-07,10:19:23,2022-05-13,08:30:00,2022-04-07T00:19:23Z,2022-05-12T22:30:00Z,NA,NA,1,160,0,HO04101053,High,Rapidfire,5,0,Unbaited,None,NA,HYPERFIRE 2 COVERT,5c30bfd400b1ac3d00243d3e8073b55a,2023-06-19T01:57:43Z,Justin Cally
StatewideDeer,27184,NA,r1nhky5z,1,-38.593744,143.651551,2022-03-28,15:33:29,2022-05-09,12:50:00,2022-03-28T04:33:29Z,2022-05-09T02:50:00Z,NA,NA,1,170,15,HO04101664,High,Rapidfire,5,0,Unbaited,None,NA,HYPERFIRE 2 COVERT,e0bebc11e84ac8cd353ff91d6f07fb19,2023-06-19T01:57:43Z,Justin Cally
StatewideDeer,27448,NA,r1qpy7b5,1,-36.58519,143.71248,2021-10-19,14:47:00,2021-12-10,12:49:41,2021-10-19T03:47:00Z,2021-12-10T01:49:41Z,NA,NA,1,219,7,HO04104980,High,Rapidfire,5,0,Unbaited,None,NA,HYPERFIRE 2 COVERT,326d1040486a6e4640ccfec36317d4e9,2023-06-19T01:57:43Z,Justin Cally
StatewideDeer,27750,NA,r1qpybt7,1,-36.6031,143.74152,2021-10-19,13:45:00,2021-12-10,12:24:31,2021-10-19T02:45:00Z,2021-12-10T01:24:31Z,NA,NA,1,165,8,HO04104979,High,Rapidfire,5,0,Unbaited,None,NA,HYPERFIRE 2 COVERT,ec5c31458900528ff2d856eeeab3d370,2023-06-19T01:57:43Z,Justin Cally
StatewideDeer,28112,NA,r1q1r8kd,1,-37.747168,143.77356,2022-09-13,15:04:00,2022-11-11,15:15:00,2022-09-13T05:04:00Z,2022-11-11T04:15:00Z,NA,NA,1,182,5,H2RXHO04104925,High,Rapidfire,5,0,Unbaited,None,NA,HYPERFIRE 2 COVERT,c2323a2761ba56240159faa82e00aaa6,2023-06-19T01:57:43Z,Justin Cally
StatewideDeer,28341,NA,r1qr8f2p,1,-36.63673,143.822266,2022-09-14,12:08:00,2022-11-11,09:40:00,2022-09-14T02:08:00Z,2022-11-10T22:40:00Z,NA,NA,1,177,1,H2RXHO04102395,High,Rapidfire,5,0,Unbaited,None,NA,HYPERFIRE 2 COVERT,9be8e079e0508393eb3755de66c80544,2023-06-19T01:57:43Z,Justin Cally
StatewideDeer,28724,NA,r1qq9duu,1,-36.81031,143.86176,2021-10-19,12:21:00,2021-12-10,11:31:35,2021-10-19T01:21:00Z,2021-12-10T00:31:35Z,NA,NA,1,180,1,HO04102688,High,Rapidfire,5,0,Unbaited,None,NA,HYPERFIRE 2 COVERT,5b107e1520a40eb3bdd77f71aae209b1,2023-06-19T01:57:43Z,Justin Cally
StatewideDeer,29053,NA,r1nkdn1y,1,-38.549835,143.879626,2022-09-19,14:01:00,2022-11-07,10:56:00,2022-09-19T04:01:00Z,2022-11-06T23:56:00Z,NA,NA,1,210,20,H2RXHO04101181,High,Rapidfire,5,0,Unbaited,None,NA,HYPERFIRE 2 COVERT,4de45452e2fdf3b9b08184949e21220d,2023-06-19T01:57:43Z,Justin Cally
StatewideDeer,29886,NA,r1nmsb9e,1,-38.404899,144.000135,2022-03-28,11:57:01,2022-05-09,10:50:00,2022-03-28T00:57:01Z,2022-05-09T00:50:00Z,NA,NA,1,180,15,HO04101653,High,Rapidfire,5,0,Unbaited,None,NA,HYPERFIRE 2 COVERT,f122546ba7ea18802f694ee9a8e00ae1,2023-06-19T01:57:43Z,Justin Cally
StatewideDeer,30626,NA,r1qmr7em,1,-37.025726,144.112312,2022-03-29,13:12:11,2022-05-27,14:05:00,2022-03-29T02:12:11Z,2022-05-27T04:05:00Z,NA,NA,1,180,0,HO04102703,High,Rapidfire,5,0,Unbaited,None,NA,HYPERFIRE 2 COVERT,c962645b4d19915b4d2d82e78f5b5c83,2023-06-19T01:57:43Z,Justin Cally
StatewideDeer,30755,NA,r1nmrx3x,1,-38.41098,144.12086,2021-10-13,11:00:00,2021-12-06,11:00:00,2021-10-13T00:00:00Z,2021-12-06T00:00:00Z,NA,NA,1,160,7,HO04101047,High,Rapidfire,5,0,Unbaited,None,NA,HYPERFIRE 2 COVERT,e7cf8e7b43ef876f81846e14185f370e,2023-06-19T01:57:43Z,Justin Cally
StatewideDeer,30775,NA,r1q3reu4,1,-37.72801,144.12442,2021-10-04,15:24:00,2021-12-11,12:15:56,2021-10-04T04:24:00Z,2021-12-11T01:15:56Z,NA,NA,1,180,1,Ho04102691,High,Rapidfire,5,0,Unbaited,None,NA,HYPERFIRE 2 COVERT,c1b1820330f78f06f8a80f273ad5a7c3,2023-06-19T01:57:43Z,Justin Cally
StatewideDeer,31003,NA,r1wsbz5j,1,-35.688081,144.177966,2022-09-14,15:35:00,2023-05-20,16:04:00,2022-09-14T05:35:00Z,2023-05-20T06:04:00Z,NA,NA,1,180,1,H2RXO04101061,High,Rapidfire,5,0,Unbaited,None,NA,HYPERFIRE 2 COVERT,94f1ac36f084b7db63b865956ac03eb7,2023-06-19T01:57:43Z,Justin Cally
StatewideDeer,31368,NA,r1qs1g36,1,-37.24733,144.21951,2021-10-20,13:41:00,2021-12-11,08:44:17,2021-10-20T02:41:00Z,2021-12-10T21:44:17Z,NA,NA,1,169,19,HO04104916,High,Rapidfire,5,0,Unbaited,None,NA,HYPERFIRE 2 COVERT,4726ec997f2dce84fdf6eb854d24bdbb,2023-06-19T01:57:43Z,Justin Cally
StatewideDeer,3176,NA,r1k6tm84,1,-37.498614,141.207562,2022-09-17,13:52:00,2022-11-08,14:54:00,2022-09-17T03:52:00Z,2022-11-08T03:54:00Z,NA,NA,1,180,0,H2RXHO04105163,High,Rapidfire,5,0,Unbaited,None,NA,HYPERFIRE 2 COVERT,916ea6e821c4e92c85e5b272afa1ceaa,2023-06-19T01:57:43Z,Justin Cally
StatewideDeer,31764,NA,r1qe52bp,1,-37.436062,144.283478,2022-03-17,14:02:59,2022-05-27,16:46:00,2022-03-17T03:02:59Z,2022-05-27T06:46:00Z,NA,NA,1,210,10,HO04102875,High,Rapidfire,5,0,Unbaited,None,NA,HYPERFIRE 2 COVERT,812899e2da4dcfef4be6d0ecd1f011e5,2023-06-19T01:57:43Z,Justin Cally
StatewideDeer,31919,NA,r1qd7wqn,1,-37.5378,144.30276,2021-10-04,13:30:00,2021-12-11,11:23:50,2021-10-04T02:30:00Z,2021-12-11T00:23:50Z,NA,NA,1,180,5,Ho04102709,High,Rapidfire,5,0,Unbaited,None,NA,HYPERFIRE 2 COVERT,055c689671afaf70ccace61b0dbdbf32,2023-06-19T01:57:43Z,Justin Cally
StatewideDeer,31922,NA,r1qe58y4,1,-37.43679,144.30287,2021-10-04,11:54:00,2021-12-11,09:46:35,2021-10-04T00:54:00Z,2021-12-10T22:46:35Z,NA,NA,1,180,5,HO04102720,High,Rapidfire,5,0,Unbaited,None,NA,HYPERFIRE 2 COVERT,c062625d553978dc706fedf76407fd40,2023-06-19T01:57:43Z,Justin Cally
StatewideDeer,32232,NA,r1qeh9pc,1,-37.43558,144.349229,2022-03-17,11:25:00,2022-05-27,16:20:00,2022-03-17T00:25:00Z,2022-05-27T06:20:00Z,NA,NA,1,167,10,HO04101047,High,Rapidfire,5,0,Unbaited,None,NA,HYPERFIRE 2 COVERT,539eb12f1ff68f16e6de5dcf781c7500,2023-06-19T01:57:43Z,Justin Cally
StatewideDeer,32405,NA,r1qxj9e3,1,-36.729755,144.387089,2022-04-07,12:17:42,2022-05-13,09:45:00,2022-04-07T02:17:42Z,2022-05-12T23:45:00Z,NA,NA,1,180,0,HO04102688,High,Rapidfire,5,0,Unbaited,None,NA,HYPERFIRE 2 COVERT,1f9a6286d19d1db29a98c48b10b58d9b,2023-06-19T01:57:43Z,Justin Cally
StatewideDeer,32411,NA,r1w8jw2n,1,-36.527,144.38266,2021-10-19,16:48:00,2021-12-10,13:58:48,2021-10-19T05:48:00Z,2021-12-10T02:58:48Z,NA,NA,1,198,1,HO04102716,High,Rapidfire,5,0,Unbaited,None,NA,HYPERFIRE 2 COVERT,fa1392893daa48e9817098318ec55d37,2023-06-19T01:57:43Z,Justin Cally
StatewideDeer,32597,NA,r1qdn0b6,1,-37.612609,144.404865,2022-09-13,12:09:00,2022-11-11,16:41:00,2022-09-13T02:09:00Z,2022-11-11T05:41:00Z,NA,NA,1,152,25,H2RXHO04101176,High,Rapidfire,5,0,Unbaited,None,NA,HYPERFIRE 2 COVERT,bc506af96c9098cb7c569b83aa4f1470,2023-06-19T01:57:43Z,Justin Cally
StatewideDeer,32742,NA,r1qdwdye,1,-37.51353,144.43536,2021-10-04,09:12:00,2021-12-11,10:38:08,2021-10-03T22:12:00Z,2021-12-10T23:38:08Z,NA,NA,1,350,25,HO04101711,High,Rapidfire,5,0,Unbaited,None,NA,HYPERFIRE 2 COVERT,2e66b30d344f381304a4d77f04b2a80b,2023-06-19T01:57:43Z,Justin Cally
StatewideDeer,33376,NA,r1qy3r4d,1,-36.831277,144.550701,2022-04-07,13:57:09,2022-05-13,10:45:00,2022-04-07T03:57:09Z,2022-05-13T00:45:00Z,NA,NA,1,180,3,HO04104179,High,Rapidfire,5,0,Unbaited,None,NA,HYPERFIRE 2 COVERT,861951a2339cfada141488cd8789fd46,2023-06-19T01:57:43Z,Justin Cally
StatewideDeer,3416,NA,r1k6jsce,1,-37.590498,141.220618,2022-04-01,08:56:08,2022-05-11,08:30:00,2022-03-31T21:56:08Z,2022-05-10T22:30:00Z,NA,NA,1,140,0,HO04102689,High,Rapidfire,5,0,Unbaited,None,NA,HYPERFIRE 2 COVERT,2a60b40c20eb6d9cedafb98eb772d76e,2023-06-19T01:57:43Z,Justin Cally
StatewideDeer,34174,NA,r1nvuxv0,1,-38.321646,144.696989,2022-11-21,10:38:00,2023-02-07,12:45:00,2022-11-20T23:38:00Z,2023-02-07T01:45:00Z,NA,NA,1,164,8,HO04101928,High,Rapidfire,5,0,Unbaited,None,NA,HYPERFIRE 2 COVERT,352b081b0a132ddaa50b3e1cdb33c569,2023-06-19T01:57:43Z,Justin Cally
StatewideDeer,34504,NA,r1qyqr3y,1,-36.829257,144.769497,2022-04-07,14:58:24,2022-05-13,11:15:00,2022-04-07T04:58:24Z,2022-05-13T01:15:00Z,NA,NA,1,180,0,HO04101061,High,Rapidfire,5,0,Unbaited,None,NA,HYPERFIRE 2 COVERT,ca5b00d5312c1ad941accecc8a16203b,2023-06-19T01:57:43Z,Justin Cally
StatewideDeer,34729,NA,r1qyrnvd,1,-36.83269,144.80743,2021-10-20,10:30:00,2021-12-10,00:00:00,2021-10-19T23:30:00Z,2021-12-09T13:00:00Z,NA,NA,1,176,9,HO04101653,High,Rapidfire,5,0,Unbaited,None,NA,HYPERFIRE 2 COVERT,345986a4ffeac7e777fb9703a011fa92,2023-06-19T01:57:43Z,Justin Cally
StatewideDeer,35075,NA,r1rp0cjy,1,-36.731737,144.884769,2022-04-07,15:53:53,2022-05-13,11:45:00,2022-04-07T05:53:53Z,2022-05-13T01:45:00Z,NA,NA,1,180,0,HO04102878,High,Rapidfire,5,0,Unbaited,None,NA,HYPERFIRE 2 COVERT,1faa030001f668816c09f3b512a15fbb,2023-06-19T01:57:43Z,Justin Cally
StatewideDeer,35738,NA,r1x5eebe,1,-35.926053,144.998535,2023-03-27,13:09:00,2023-05-20,10:43:00,2023-03-27T02:09:00Z,2023-05-20T00:43:00Z,NA,NA,1,180,0,wm4979,High,Rapidfire,5,0,Unbaited,None,NA,HYPERFIRE 2 COVERT,6287cdcd1e0f5030648515a15aa1dc0e,2023-06-19T01:57:43Z,Justin Cally
StatewideDeer,35739,NA,r1x5g9tx,1,-35.89375,145.00533,2023-03-27,14:16:00,2023-05-20,10:21:00,2023-03-27T03:16:00Z,2023-05-20T00:21:00Z,2023-05-04T20:21:52Z,2023-05-20T00:21:00Z,1,180,0,wm5165,High,Rapidfire,5,0,Unbaited,None,NA,HYPERFIRE 2 COVERT,d20165b6bde8271687d7daebbdf9a5c1,2023-06-19T01:57:43Z,Justin Cally
StatewideDeer,36602,NA,r1r5z1wd,1,-37.300959,145.16045,2022-12-01,13:37:00,2023-02-08,15:24:00,2022-12-01T02:37:00Z,2023-02-08T04:24:00Z,NA,NA,1,190,4,HO04102395,High,Rapidfire,5,0,Unbaited,None,NA,HYPERFIRE 2 COVERT,c4114c2f238e1b54a7286f3935941446,2023-06-19T01:57:43Z,Justin Cally
StatewideDeer,36749,NA,r1r1re4p,1,-37.731241,145.176228,2022-09-07,10:17:00,2022-11-16,10:09:00,2022-09-07T00:17:00Z,2022-11-15T23:09:00Z,NA,NA,1,167,25,H2RXHO04104535,High,Rapidfire,5,0,Unbaited,None,NA,HYPERFIRE 2 COVERT,626e58e05e2c25f88988e91a2818a20a,2023-06-19T01:57:43Z,Justin Cally
StatewideDeer,36846,NA,r1rhxgz4,1,-37.156714,145.194015,2022-12-01,11:45:00,2023-02-08,14:15:00,2022-12-01T00:45:00Z,2023-02-08T03:15:00Z,NA,NA,1,169,5,HO04104980,High,Rapidfire,5,0,Unbaited,None,NA,HYPERFIRE 2 COVERT,192a14869dab925dbc2f08f76effc25c,2023-06-19T01:57:43Z,Justin Cally
StatewideDeer,37044,NA,r1x7bm6f,1,-35.87398,145.21013,2021-10-25,11:35:00,2021-12-19,13:09:01,2021-10-25T00:35:00Z,2021-12-19T02:09:01Z,NA,NA,1,193,0,HO04104179,High,Rapidfire,5,0,Unbaited,None,NA,HYPERFIRE 2 COVERT,aa081941a52cdb19197f30bb19b980f8,2023-06-19T01:57:43Z,Justin Cally
StatewideDeer,37075,NA,r1r62zum,1,-37.529804,145.234373,2022-11-29,09:45:00,2023-02-08,16:42:00,2022-11-28T22:45:00Z,2023-02-08T05:42:00Z,NA,NA,1,179,5,HO04102925,High,Rapidfire,5,0,Unbaited,None,NA,HYPERFIRE 2 COVERT,e8622ac27222a5241cc52ec7158e9b75,2023-06-19T01:57:43Z,Justin Cally
StatewideDeer,3760,NA,r1utd4cd,1,-34.173861,141.418296,2022-09-15,17:23:00,2022-11-10,10:34:00,2022-09-15T07:23:00Z,2022-11-09T23:34:00Z,NA,NA,1,180,1,H2RXHO04104982,High,Rapidfire,5,0,Unbaited,None,NA,HYPERFIRE 2 COVERT,2662b443af0439066153db6c6397a88e,2023-06-19T01:57:43Z,Justin Cally
StatewideDeer,37852,NA,r1r653bt,1,-37.60659,145.33884,2021-10-27,15:50:21,2021-12-23,15:20:01,2021-10-27T04:50:21Z,2021-12-23T04:20:01Z,NA,NA,1,177,20,HO04102802,High,Rapidfire,5,0,Unbaited,None,NA,HYPERFIRE 2 COVERT,89f992bf1e96d76c2630913f82c67178,2023-06-19T01:57:43Z,Justin Cally
StatewideDeer,3787,NA,r1k7w9zb,1,-37.343878,141.272918,2022-04-01,10:16:00,2022-05-11,09:15:00,2022-03-31T23:16:00Z,2022-05-10T23:15:00Z,NA,NA,1,180,1,HO04102395,High,Rapidfire,5,0,Unbaited,None,NA,HYPERFIRE 2 COVERT,bc38babbc2d12dbf2f4a54010e146155,2023-06-19T01:57:43Z,Justin Cally
StatewideDeer,38070,NA,r1r2h3r0,1,-37.96172,145.391961,2023-02-06,11:28:00,2023-04-17,12:16:00,2023-02-06T00:28:00Z,2023-04-17T02:16:00Z,NA,NA,1,171,12,HO04101181,High,Rapidfire,5,0,Unbaited,None,NA,HYPERFIRE 2 COVERT,8fdcbd450d7140648b081a5d29d50123,2023-06-19T01:57:43Z,Justin Cally
StatewideDeer,38303,NA,r1r2v1hz,1,-37.830201,145.421571,2023-02-06,09:44:00,2023-04-17,13:59:00,2023-02-05T22:44:00Z,2023-04-17T03:59:00Z,NA,NA,1,177,7,HO04101065,High,Rapidfire,5,0,Unbaited,None,NA,HYPERFIRE 2 COVERT,1facdb308cc384ae083988944c1d6f71,2023-06-19T01:57:43Z,Justin Cally
StatewideDeer,38876,NA,r1r7p5w5,1,-37.421541,145.511354,2022-11-29,12:30:00,2023-02-08,12:14:00,2022-11-29T01:30:00Z,2023-02-08T01:14:00Z,NA,NA,1,135,8,HO04102748,High,Rapidfire,5,0,Unbaited,None,NA,HYPERFIRE 2 COVERT,e9c28e043538581b3bb815f3deab824a,2023-06-19T01:57:43Z,Justin Cally
StatewideDeer,39389,NA,r1rebvvq,1,-37.276907,145.587339,2022-11-29,14:59:00,2023-02-08,09:11:00,2022-11-29T03:59:00Z,2023-02-07T22:11:00Z,NA,NA,1,178,1,HO04104948,High,Rapidfire,5,0,Unbaited,None,NA,HYPERFIRE 2 COVERT,5421f5002e758c724ce0e8aac1b3b413,2023-06-19T01:57:43Z,Justin Cally
StatewideDeer,39638,NA,r1rd3f14,1,-37.56178,145.62544,2021-10-27,12:50:00,2021-12-23,13:28:41,2021-10-27T01:50:00Z,2021-12-23T02:28:41Z,NA,NA,1,225,14,HO04101059,High,Rapidfire,5,0,Unbaited,None,NA,HYPERFIRE 2 COVERT,73a56d15fcde0457e0c3dde829e4b456,2023-06-19T01:57:43Z,Justin Cally
StatewideDeer,39804,NA,r1r9f07d,1,-37.659397,145.639641,2023-02-06,15:57:00,2023-04-18,10:08:00,2023-02-06T04:57:00Z,2023-04-18T00:08:00Z,NA,NA,1,141,10,HO04104982,High,Rapidfire,5,0,Unbaited,None,NA,HYPERFIRE 2 COVERT,4e506fc90fd0f18642683ba21762fd1f,2023-06-19T01:57:43Z,Justin Cally
StatewideDeer,39880,NA,r1r84ez4,1,-37.947668,145.666475,2022-11-23,15:52:00,2023-02-01,20:45:00,2022-11-23T04:52:00Z,2023-02-01T09:45:00Z,NA,NA,1,183,7,HO04102688,High,Rapidfire,5,0,Unbaited,None,NA,HYPERFIRE 2 COVERT,b196204e858c231ba8b9cc25ced312e8,2023-06-19T01:57:43Z,Justin Cally
StatewideDeer,39889,NA,r1r9f4t4,1,-37.646998,145.64174,2023-02-06,14:51:00,2023-04-18,09:22:00,2023-02-06T03:51:00Z,2023-04-17T23:22:00Z,NA,NA,1,160,8,HO04102708,High,Rapidfire,5,0,Unbaited,None,NA,HYPERFIRE 2 COVERT,2b56d796052cde2ee65fe978175f54c0,2023-06-19T01:57:43Z,Justin Cally
hog_deer_2023,40519,NA,r1pshf8e,1,-38.657576,145.756312,2022-10-19,14:16:54,2022-12-01,12:05:00,2022-10-19T03:16:54Z,2022-12-01T01:05:00Z,NA,NA,1,180,15,WM#4912,High,Rapidfire,5,0,Unbaited,None,NA,HF2X,f18553e2265737009774e046db67a6e5,2023-06-19T02:24:21Z,Justin Cally
StatewideDeer,40789,NA,r1r8mk4g,1,-37.9022,145.78149,2022-11-23,10:25:00,2023-02-02,11:28:00,2022-11-22T23:25:00Z,2023-02-02T00:28:00Z,NA,NA,1,105,6,HO04105163,High,Rapidfire,5,0,Unbaited,None,NA,HYPERFIRE 2 COVERT,543211eb546bf045995e417bea80deda,2023-06-19T01:57:43Z,Justin Cally
StatewideDeer,40880,NA,r1r9v8gb,1,-37.6569,145.793898,2023-02-07,09:36:00,2023-04-17,15:54:00,2023-02-06T22:36:00Z,2023-04-17T05:54:00Z,NA,NA,1,114,3,HO04102534,High,Rapidfire,5,0,Unbaited,None,NA,HYPERFIRE 2 COVERT,81592e0c63f8c095382666ca337d5a2e,2023-06-19T01:57:43Z,Justin Cally
StatewideDeer,40972,NA,r1retu8b,1,-37.328669,145.800608,2022-11-29,16:29:00,2023-02-07,16:31:00,2022-11-29T05:29:00Z,2023-02-07T05:31:00Z,NA,NA,1,191,11,HO04102687,High,Rapidfire,5,0,Unbaited,None,NA,HYPERFIRE 2 COVERT,3d08e34f35625513ddd8969381e920a6,2023-06-19T01:57:43Z,Justin Cally
StatewideDeer,41203,NA,r1r8nuz5,1,-37.942097,145.853255,2022-11-23,11:59:00,2023-02-02,10:31:00,2022-11-23T00:59:00Z,2023-02-01T23:31:00Z,NA,NA,1,180,5,HO04101038,High,Rapidfire,5,0,Unbaited,None,NA,HYPERFIRE 2 COVERT,02ed20c95b71f20a78610a77a436c42d,2023-06-19T01:57:43Z,Justin Cally
StatewideDeer,41287,NA,r1pxz4sy,1,-37.997885,145.861348,2022-11-23,13:56:00,2023-02-02,09:01:00,2022-11-23T02:56:00Z,2023-02-01T22:01:00Z,NA,NA,1,210,13,HO04104949,High,Rapidfire,5,0,Unbaited,None,NA,HYPERFIRE 2 COVERT,a3bac866fc66048240e31ca50091da1b,2023-06-19T01:57:43Z,Justin Cally
StatewideDeer,41312,NA,r1rswcy4,1,-37.167759,145.851753,2022-12-01,09:02:00,2023-02-07,17:38:00,2022-11-30T22:02:00Z,2023-02-07T06:38:00Z,NA,NA,1,165,30,HO04102720,High,Rapidfire,5,0,Unbaited,None,NA,HYPERFIRE 2 COVERT,fc14de1062ebe47ecc8a85c331a27f83,2023-06-19T01:57:43Z,Justin Cally
hog_deer_2023,41349,NA,r1perdub,1,-38.788492,145.883031,2022-10-19,16:56:00,2022-12-01,14:19:00,2022-10-19T05:56:00Z,2022-12-01T03:19:00Z,NA,NA,1,160,0,WM#4547,High,Rapidfire,5,0,Unbaited,None,NA,HF2X,5ff4fb7994211169d54f6f08018ca59b,2023-06-19T02:24:21Z,Justin Cally
hog_deer_2023,41610,NA,r1pfbekx,1,-38.872446,145.926603,2022-10-21,14:07:00,2022-12-01,15:57:00,2022-10-21T03:07:00Z,2022-12-01T04:57:00Z,NA,NA,1,180,0,WM#1249,High,Rapidfire,5,0,Unbaited,None,NA,HF2X,acbe321fa0ce3edfb923f3961afaf538,2023-06-19T02:24:21Z,Justin Cally
StatewideDeer,41639,NA,r1rb2kem,1,-37.899163,145.91406,2021-11-02,15:10:57,2021-12-14,18:13:15,2021-11-02T04:10:57Z,2021-12-14T07:13:15Z,NA,NA,1,180,5,HO04102692,High,Rapidfire,5,0,Unbaited,None,NA,HYPERFIRE 2 COVERT,449c272768ef57cc2b5405d9946d60bc,2023-06-19T01:57:43Z,Justin Cally
StatewideDeer,41655,NA,r1rg2mtd,1,-37.366806,145.917128,2022-11-30,15:31:00,2023-02-07,15:28:00,2022-11-30T04:31:00Z,2023-02-07T04:28:00Z,NA,NA,1,185,10,HO04104854,High,Rapidfire,5,0,Unbaited,None,NA,HYPERFIRE 2 COVERT,1e7ab0665340f30a0080177e90fdefb7,2023-06-19T01:57:43Z,Justin Cally
StatewideDeer,41742,NA,r1rg0jz6,1,-37.409387,145.908579,2022-11-30,14:14:00,2023-02-07,14:52:00,2022-11-30T03:14:00Z,2023-02-07T03:52:00Z,NA,NA,1,207,2,HO04101176,High,Rapidfire,5,0,Unbaited,None,NA,HYPERFIRE 2 COVERT,27f7357ae44a8fa1fb8bd70404d96167,2023-06-19T01:57:43Z,Justin Cally
StatewideDeer,41760,NA,r1ry861f,1,-36.814794,145.911962,2023-04-01,15:12:00,2023-05-15,16:47:00,2023-04-01T04:12:00Z,2023-05-15T06:47:00Z,NA,NA,1,180,2,wm1183,High,Rapidfire,5,0,Unbaited,None,NA,HYPERFIRE 2 COVERT,d5bd722607c4eefe78533db4a9badf97,2023-06-19T01:57:43Z,Justin Cally
StatewideDeer,41934,NA,r1ry0cnt,1,-36.90769,145.94044,2023-03-30,08:02:00,2023-05-18,12:07:00,2023-03-29T21:02:00Z,2023-05-18T02:07:00Z,NA,NA,1,185,10,wm2692,High,Rapidfire,5,0,Unbaited,None,NA,HYPERFIRE 2 COVERT,49526233e8cba5a85a38002b04eaa2ae,2023-06-19T01:57:43Z,Justin Cally
StatewideDeer,42005,NA,r1rf9kyb,1,-37.503037,145.962976,2022-11-30,11:26:00,2023-02-07,13:45:00,2022-11-30T00:26:00Z,2023-02-07T02:45:00Z,NA,NA,1,212,2,HO04104179,High,Rapidfire,5,0,Unbaited,None,NA,HYPERFIRE 2 COVERT,d13be36eb5349f77532c58c00d727f14,2023-06-19T01:57:43Z,Justin Cally
hog_deer_2023,42228,NA,r1pg4w77,1,-38.812799,146.012835,2022-10-21,12:07:00,2022-12-01,17:01:00,2022-10-21T01:07:00Z,2022-12-01T06:01:00Z,NA,NA,1,200,5,WM#4839,High,Rapidfire,5,0,Unbaited,None,NA,HF2X,d1fdb4c61ae4f87e576fcbfdcef32954,2023-06-19T02:24:21Z,Justin Cally
StatewideDeer,42352,NA,r1rfdrt1,1,-37.48789,146.00438,2021-10-27,10:34:00,2021-12-23,12:09:09,2021-10-26T23:34:00Z,2021-12-23T01:09:09Z,NA,NA,1,188,45,HO04101049,High,Rapidfire,5,0,Unbaited,None,NA,HYPERFIRE 2 COVERT,410d7593208c7602fe94df914b646d65,2023-06-19T01:57:43Z,Justin Cally
StatewideDeer,42372,NA,r1ry9brd,1,-36.824399,145.985708,2023-04-01,13:07:00,2023-05-15,15:48:00,2023-04-01T02:07:00Z,2023-05-15T05:48:00Z,NA,NA,1,175,4,wm5113,High,Rapidfire,5,0,Unbaited,None,NA,HYPERFIRE 2 COVERT,6a8f75c3f2dcd72540a3c9261ad89864,2023-06-19T01:57:43Z,Justin Cally
StatewideDeer,42519,NA,r1rf6b8y,1,-37.569341,146.020653,2022-11-30,09:43:00,2023-02-07,12:32:00,2022-11-29T22:43:00Z,2023-02-07T01:32:00Z,NA,NA,1,191,0,HO04101664,High,Rapidfire,5,0,Unbaited,None,NA,HYPERFIRE 2 COVERT,aeac1410408290c14a7bf01bdb33f7ff,2023-06-19T01:57:43Z,Justin Cally
StatewideDeer,4257,NA,r1k2xnvd,1,-37.84336,141.29195,2021-10-14,11:13:00,2021-12-07,09:00:00,2021-10-14T00:13:00Z,2021-12-06T22:00:00Z,NA,NA,1,180,0,HO04103994,High,Rapidfire,5,0,Unbaited,None,NA,HYPERFIRE 2 COVERT,4f5341bcf680dddc7fd9baec34fecb4a,2023-06-19T01:57:43Z,Justin Cally
StatewideDeer,42697,NA,r1ru59w9,1,-37.257177,146.061221,2021-12-23,09:36:10,2022-02-25,08:35:25,2021-12-22T22:36:10Z,2022-02-24T21:35:25Z,NA,NA,1,188,35,HO04104547,High,Rapidfire,5,0,Unbaited,None,NA,HYPERFIRE 2 COVERT,3a7ff2cf2de94066f8c3242655fa9882,2023-06-19T01:57:43Z,Justin Cally
StatewideDeer,42792,NA,r1rvgf9t,1,-36.94328,146.06538,2021-10-26,15:52:00,2021-12-21,15:54:12,2021-10-26T04:52:00Z,2021-12-21T04:54:12Z,NA,NA,1,231,12,HO04102878,High,Rapidfire,5,0,Unbaited,None,NA,HYPERFIRE 2 COVERT,a29818ba59b6f64cd18ef44ec30f01d2,2023-06-19T01:57:43Z,Justin Cally
StatewideDeer,42847,NA,r1rbhnx7,1,-37.932457,146.084262,2021-11-02,11:47:26,2021-12-14,17:21:08,2021-11-02T00:47:26Z,2021-12-14T06:21:08Z,NA,NA,1,185,15,HO04104549,High,Rapidfire,5,0,Unbaited,None,NA,HYPERFIRE 2 COVERT,3b07d92b7ced493c1e31cd505026c647,2023-06-19T01:57:43Z,Justin Cally
StatewideDeer,43021,NA,r1rbuc0j,1,-37.830533,146.107409,2021-11-04,12:43:34,2021-12-15,09:30:21,2021-11-04T01:43:34Z,2021-12-14T22:30:21Z,NA,NA,1,180,0,HO04104897,High,Rapidfire,5,0,Unbaited,None,NA,HYPERFIRE 2 COVERT,a10a28298c79596977418be9760782ea,2023-06-19T01:57:43Z,Justin Cally
StatewideDeer,43134,NA,r1ryhqnw,1,-36.87991,146.09416,2021-10-26,17:00:00,2021-12-21,16:21:33,2021-10-26T06:00:00Z,2021-12-21T05:21:33Z,NA,NA,1,186,9,HO04104906,High,Rapidfire,5,0,Unbaited,None,NA,HYPERFIRE 2 COVERT,4e6fd92fff530019a65e76a941e448e2,2023-06-19T01:57:43Z,Justin Cally
StatewideDeer,43650,NA,r1ryq2uc,1,-36.865741,146.179851,2023-03-29,16:15:00,2023-05-18,14:00:00,2023-03-29T05:15:00Z,2023-05-18T04:00:00Z,NA,NA,1,185,2,wm4519,High,Rapidfire,5,0,Unbaited,None,NA,HYPERFIRE 2 COVERT,b54e59bb3efcce3e000de83b4521ff93,2023-06-19T01:57:43Z,Justin Cally
StatewideDeer,43825,NA,r1ryydrs,1,-36.769057,146.194449,2023-03-29,13:52:00,2023-05-18,15:01:00,2023-03-29T02:52:00Z,2023-05-18T05:01:00Z,NA,NA,1,210,5,wm3668,High,Rapidfire,5,0,Unbaited,None,NA,HYPERFIRE 2 COVERT,88c24930eb00a9cc538f8f4f499f5139,2023-06-19T01:57:43Z,Justin Cally
StatewideDeer,43926,NA,r1xcy9pg,1,-36.248746,146.19496,2023-03-27,17:31:00,2023-05-19,15:48:00,2023-03-27T06:31:00Z,2023-05-19T05:48:00Z,NA,NA,0.9,180,10,wm4503,High,Rapidfire,5,0,Unbaited,None,NA,HYPERFIRE 2 COVERT,a60312912e46016dc7b689a1eefbf22d,2023-06-19T01:57:43Z,Justin Cally
hog_deer_2023,43935,NA,r30485cs,1,-38.914102,146.252086,2022-10-20,16:55:00,2022-12-02,11:13:00,2022-10-20T05:55:00Z,2022-12-02T00:13:00Z,NA,NA,1,155,5,WM#4979,High,Rapidfire,5,0,Unbaited,None,NA,HF2X,3c43f16f509db5bb6716d8a90c50fb34,2023-06-19T02:24:21Z,Justin Cally
hog_deer_2023,43937,NA,r304bq9n,1,-38.854751,146.262477,2022-10-21,10:06:00,2022-12-13,12:42:00,2022-10-20T23:06:00Z,2022-12-13T01:42:00Z,NA,NA,1,160,0,WM#2719,High,Rapidfire,5,0,Unbaited,None,NA,HF2X,80d870c114e7690e4937baeb6df68f47,2023-06-19T02:24:21Z,Justin Cally
StatewideDeer,43958,NA,r1pzxcyc,1,-38.046718,146.248525,2021-10-27,09:38:49,2021-12-14,16:27:23,2021-10-26T22:38:49Z,2021-12-14T05:27:23Z,NA,NA,1,195,5,HO04101180,High,Rapidfire,5,0,Unbaited,None,NA,HYPERFIRE 2 COVERT,c801b155a493cd248a4228283b6f8610,2023-06-19T01:57:43Z,Justin Cally
StatewideDeer,43983,NA,r1rur2ty,1,-37.217832,146.224944,2023-04-01,10:05:00,2023-05-16,15:09:00,2023-03-31T23:05:00Z,2023-05-16T05:09:00Z,NA,NA,1,180,3,wm2802,High,Rapidfire,5,0,Unbaited,None,NA,HYPERFIRE 2 COVERT,ad266cb03e8165d8a13c4ed0889e329c,2023-06-19T01:57:43Z,Justin Cally
hog_deer_2023,44108,NA,r3042utk,1,-38.95402,146.290392,2022-10-20,11:20:00,2022-12-02,10:03:00,2022-10-20T00:20:00Z,2022-12-01T23:03:00Z,NA,NA,0.9,180,0,WM#1055,High,Rapidfire,5,0,Unbaited,None,NA,HF2X,42d4751c35ba3f23833650dfc9733351,2023-06-19T02:24:21Z,Justin Cally
StatewideDeer,44225,NA,r3210t3b,1,-37.763996,146.274554,2021-11-03,10:57:59,2021-12-16,09:58:40,2021-11-02T23:57:59Z,2021-12-15T22:58:40Z,NA,NA,1,175,2,HO04105165,High,Rapidfire,5,0,Unbaited,None,NA,HYPERFIRE 2 COVERT,cd9668038e09044b1c9d6f8df66cb699,2023-06-19T01:57:43Z,Justin Cally
StatewideDeer,44288,NA,r30h9qt7,1,-38.547609,146.31227,2022-11-21,15:44:00,2023-02-02,14:57:00,2022-11-21T04:44:00Z,2023-02-02T03:57:00Z,NA,NA,1,46,22,HO04101704,High,Rapidfire,5,0,Unbaited,None,NA,HYPERFIRE 2 COVERT,3485ce285d90b5bc6121dd4f16a3358c,2023-06-19T01:57:43Z,Justin Cally
hog_deer_2023,44458,NA,r304ccng,1,-38.8855415,146.3364885,2022-11-07,10:12:00,2023-01-24,16:07:00,2022-11-06T23:12:00Z,2023-01-24T05:07:00Z,NA,NA,1,230,0,WM#1909,High,Rapidfire,5,0,Unbaited,None,NA,HF2X,1c483d9e9e43bbc89128e01a9a54164f,2023-06-19T02:24:21Z,Justin Cally
StatewideDeer,44499,NA,r325917u,1,-37.345865,146.299297,2021-12-22,19:18:33,2022-02-24,17:42:30,2021-12-22T08:18:33Z,2022-02-24T06:42:30Z,NA,NA,1,185,4,HO04101059,High,Rapidfire,5,0,Unbaited,None,NA,HYPERFIRE 2 COVERT,a4774eabb4a2a6ce4e93e1fcfdd35d89,2023-06-19T01:57:43Z,Justin Cally
StatewideDeer,44679,NA,r325cynv,1,-37.275642,146.336371,2021-12-22,16:17:46,2022-02-24,15:34:46,2021-12-22T05:17:46Z,2022-02-24T04:34:46Z,NA,NA,1,187,31,HO04101278,High,Rapidfire,5,0,Unbaited,None,NA,HYPERFIRE 2 COVERT,950984ee19e31934ce223b0bea01329b,2023-06-19T01:57:43Z,Justin Cally
hog_deer_2023,44719,NA,r301dz63,1,-39.071208,146.374085,2022-10-20,09:46:00,2022-12-22,07:46:00,2022-10-19T22:46:00Z,2022-12-21T20:46:00Z,NA,NA,1,180,2,WM#4981,High,Rapidfire,5,0,Unbaited,None,NA,HF2X,59544af52c191eae3c09e25b74503430,2023-06-19T02:24:21Z,Justin Cally
StatewideDeer,44749,NA,r3206m1m,1,-37.896318,146.350622,2021-11-03,13:46:25,2021-12-15,11:21:48,2021-11-03T02:46:25Z,2021-12-15T00:21:48Z,NA,NA,1,180,5,HO04102694,High,Rapidfire,5,0,Unbaited,None,NA,HYPERFIRE 2 COVERT,8e633c516c6ac30a69c59a71816d3a46,2023-06-19T01:57:43Z,Justin Cally
StatewideDeer,44765,NA,r3256peh,1,-37.355447,146.342277,2021-12-22,18:27:34,2022-02-24,17:16:15,2021-12-22T07:27:34Z,2022-02-24T06:16:15Z,NA,NA,1,180,8,HO04101050,High,Rapidfire,5,0,Unbaited,None,NA,HYPERFIRE 2 COVERT,7995b4f8d702aa9f58a36e2e59c82c70,2023-06-19T01:57:43Z,Justin Cally
StatewideDeer,44841,NA,r320f7uc,1,-37.816137,146.355427,2021-11-04,09:46:23,2021-12-16,09:13:26,2021-11-03T22:46:23Z,2021-12-15T22:13:26Z,NA,NA,1,160,2,HO04104839,High,Rapidfire,5,0,Unbaited,None,NA,HYPERFIRE 2 COVERT,f52c9fee15e437491e0a19d5e25d9330,2023-06-19T01:57:43Z,Justin Cally
StatewideDeer,44911,NA,r30j5q09,1,-38.462869,146.393726,2021-10-25,17:12:30,2021-12-13,14:57:46,2021-10-25T06:12:30Z,2021-12-13T03:57:46Z,NA,NA,1,180,2,HO04101714,High,Rapidfire,5,0,Unbaited,None,NA,HYPERFIRE 2 COVERT,373b6d05cbc51c63d5e9e473786eee55,2023-06-19T01:57:43Z,Justin Cally
StatewideDeer,44940,NA,r324dy11,1,-37.496125,146.372292,2023-03-31,09:42:00,2023-05-17,10:49:00,2023-03-30T22:42:00Z,2023-05-17T00:49:00Z,NA,NA,1,175,8,wm1286,High,Rapidfire,5,0,Unbaited,None,NA,HYPERFIRE 2 COVERT,c6eea873f0299febdaf19e44f4183af6,2023-06-19T01:57:43Z,Justin Cally
hog_deer_2023,44993,NA,r304gww8,1,-38.855783,146.412762,2022-11-07,10:05:00,2023-01-24,15:34:00,2022-11-06T23:05:00Z,2023-01-24T04:34:00Z,NA,NA,1,200,0,WM#1714,High,Rapidfire,5,0,Unbaited,None,NA,HF2X,7ef64b29d1b1e9c027820698a0094055,2023-06-19T02:24:21Z,Justin Cally
StatewideDeer,45039,NA,r32h757s,1,-37.20313,146.38692,2023-03-30,12:42:00,2023-05-16,09:31:00,2023-03-30T01:42:00Z,2023-05-15T23:31:00Z,NA,NA,1,190,30,wm4875,High,Rapidfire,5,0,Unbaited,None,NA,HYPERFIRE 2 COVERT,68f966a253b7b63bb8dbee618e40de27,2023-06-19T01:57:43Z,Justin Cally
StatewideDeer,45077,NA,r301eyff,1,-39.073745,146.418604,2021-10-26,14:01:36,2021-12-14,11:22:58,2021-10-26T03:01:36Z,2021-12-14T00:22:58Z,NA,NA,1,180,1,HO04105111,High,Rapidfire,5,0,Unbaited,None,NA,HYPERFIRE 2 COVERT,30e1e1f1a4fd8b36aa4809d3b5eaba7b,2023-06-19T01:57:43Z,Justin Cally
hog_deer_2023,45086,NA,r305gu0r,1,-38.692618,146.415142,2022-10-19,11:40:19,2022-12-13,11:47:00,2022-10-19T00:40:19Z,2022-12-13T00:47:00Z,NA,NA,1,160,0,WM #4841,High,Rapidfire,5,0,Unbaited,None,NA,HF2X,890064c1ba1eea920d2bfd840264a7a7,2023-06-19T02:24:21Z,Justin Cally
StatewideDeer,45143,NA,r32nepvy,1,-36.78244,146.389769,2023-03-29,09:30:00,2023-05-19,08:50:00,2023-03-28T22:30:00Z,2023-05-18T22:50:00Z,NA,NA,1,168,5,wm4839,High,Rapidfire,5,0,Unbaited,None,NA,HYPERFIRE 2 COVERT,8805106dde27cec5205c85c04320f364,2023-06-19T01:57:43Z,Justin Cally
StatewideDeer,45198,NA,r30pgy5m,1,-37.978855,146.41945,2021-10-27,12:42:22,2021-12-15,12:07:52,2021-10-27T01:42:22Z,2021-12-15T01:07:52Z,NA,NA,1,180,0,HO04102693,High,Rapidfire,5,0,Unbaited,None,NA,HYPERFIRE 2 COVERT,81524572fe2a7429e1c3e6819b5cae3e,2023-06-19T01:57:43Z,Justin Cally
hog_deer_2023,45439,NA,r304scsh,1,-38.926561,146.464361,2022-10-20,12:56:00,2022-12-02,12:52:00,2022-10-20T01:56:00Z,2022-12-02T01:52:00Z,2022-12-02T00:47:35Z,2022-12-02T01:52:00Z,1,180,2,WM#2716,High,Rapidfire,5,0,Unbaited,None,NA,HF2X,1f782a8951124c42e138064d14524bfd,2023-06-19T02:24:21Z,Justin Cally
hog_deer_2023,45443,NA,r305m0v2,1,-38.799441,146.47708,2022-11-07,14:45:00,2023-01-24,12:31:00,2022-11-07T03:45:00Z,2023-01-24T01:31:00Z,NA,NA,1,110,-2,WM#2689,High,Rapidfire,5,0,Unbaited,None,NA,HF2X,255f425dffedfb2059b48790abcd370a,2023-06-19T02:24:21Z,Justin Cally
StatewideDeer,45575,NA,r32hht43,1,-37.237903,146.450951,2021-12-22,13:09:08,2022-02-24,13:55:43,2021-12-22T02:09:08Z,2022-02-24T02:55:43Z,NA,NA,1,171,12,HO04102776,High,Rapidfire,5,0,Unbaited,None,NA,HYPERFIRE 2 COVERT,70bebc99a25b959d5003ec21a1ba6449,2023-06-19T01:57:43Z,Justin Cally
StatewideDeer,45668,NA,r32juy3z,1,-36.922366,146.461383,2023-03-28,14:38:00,2023-05-19,09:46:00,2023-03-28T03:38:00Z,2023-05-18T23:46:00Z,NA,NA,1,190,2,wm4897,High,Rapidfire,5,0,Unbaited,None,NA,HYPERFIRE 2 COVERT,655b054246583977dc5348cb01120ac0,2023-06-19T01:57:43Z,Justin Cally
StatewideDeer,45818,NA,r325m6ny,1,-37.385396,146.490064,2023-03-31,14:08:00,2023-05-17,14:01:00,2023-03-31T03:08:00Z,2023-05-17T04:01:00Z,NA,NA,1,185,8,wm2716,High,Rapidfire,5,0,Unbaited,None,NA,HYPERFIRE 2 COVERT,603a3df5ded8ffe62305fe17b2c6cc81,2023-06-19T01:57:43Z,Justin Cally
StatewideDeer,4585,NA,r1u8gh62,1,-35.00105,141.4633,2021-10-16,15:11:00,2021-12-08,16:01:00,2021-10-16T04:11:00Z,2021-12-08T05:01:00Z,NA,NA,1,157,0,HO04101065,High,Rapidfire,5,0,Unbaited,None,NA,HYPERFIRE 2 COVERT,ec3a8c980b711306e06058a57382f86c,2023-06-19T01:57:43Z,Justin Cally
StatewideDeer,46063,NA,r325nmb1,1,-37.409509,146.524662,2023-03-31,12:53:00,2023-05-17,12:52:00,2023-03-31T01:53:00Z,2023-05-17T02:52:00Z,NA,NA,1,165,8,wm1176,High,Rapidfire,5,0,Unbaited,None,NA,HYPERFIRE 2 COVERT,d9b021b37d8ba768b2ac6581579932f3,2023-06-19T01:57:43Z,Justin Cally
StatewideDeer,46082,NA,r32ny49u,1,-36.767787,146.516249,2023-03-28,17:04:00,2023-05-19,12:12:00,2023-03-28T06:04:00Z,2023-05-19T02:12:00Z,NA,NA,0.9,170,20,wm1250,High,Rapidfire,5,0,Unbaited,None,NA,HYPERFIRE 2 COVERT,f0ce6c39794657d4af5de7a690ba3ba8,2023-06-19T01:57:43Z,Justin Cally
hog_deer_2023,46108,NA,r30hp33c,1,-38.664712,146.571158,2022-10-13,10:55:14,2022-12-13,13:46:00,2022-10-12T23:55:14Z,2022-12-13T02:46:00Z,2022-11-24T17:18:23Z,2022-12-13T02:46:00Z,1,170,5,WM#1049,High,Rapidfire,5,0,Unbaited,None,NA,HF2X,246a3ad9da0b7e3899ec22fd8b56377c,2023-06-19T02:24:21Z,Justin Cally
StatewideDeer,46130,NA,r320q86x,1,-37.922068,146.539292,2022-11-22,10:14:00,2023-02-03,10:15:00,2022-11-21T23:14:00Z,2023-02-02T23:15:00Z,NA,NA,1,121,5,HO04104535,High,Rapidfire,5,0,Unbaited,None,NA,HYPERFIRE 2 COVERT,8240a1ee24d3397cdf15d38d62a18143,2023-06-19T01:57:43Z,Justin Cally
StatewideDeer,46132,NA,r320wgh3,1,-37.864194,146.552745,2022-11-22,11:24:00,2023-02-03,10:55:00,2022-11-22T00:24:00Z,2023-02-02T23:55:00Z,NA,NA,1,235,2,HO04102421,High,Rapidfire,5,0,Unbaited,None,NA,HYPERFIRE 2 COVERT,2d60258ae0fe98db60abfc9bb311468f,2023-06-19T01:57:43Z,Justin Cally
StatewideDeer,46135,NA,r321nv2q,1,-37.763044,146.547202,2022-11-22,12:53:00,2023-02-03,11:33:00,2022-11-22T01:53:00Z,2023-02-03T00:33:00Z,NA,NA,1,156,3,HO04102872,High,Rapidfire,5,0,Unbaited,None,NA,HYPERFIRE 2 COVERT,00cc2d9d1e8134d76155337edd5e0919,2023-06-19T01:57:43Z,Justin Cally
StatewideDeer,46236,NA,r32hytuj,1,-37.101256,146.541423,2021-12-22,10:38:53,2022-02-24,11:41:02,2021-12-21T23:38:53Z,2022-02-24T00:41:02Z,NA,NA,1,193,7,HO04101185,High,Rapidfire,5,0,Unbaited,None,NA,HYPERFIRE 2 COVERT,449272efb83c86aab2b6bc2eb9961467,2023-06-19T01:57:43Z,Justin Cally
StatewideDeer,46362,NA,r30jxu0e,1,-38.385614,146.591364,2021-10-25,12:58:31,2021-12-13,13:06:46,2021-10-25T01:58:31Z,2021-12-13T02:06:46Z,NA,NA,1,180,20,HO04104503,High,Rapidfire,5,0,Unbaited,None,NA,HYPERFIRE 2 COVERT,ee7434818520f1bf811b76d5c179fd43,2023-06-19T01:57:43Z,Justin Cally
StatewideDeer,46453,NA,r30pxvdv,1,-38.02555,146.594427,2021-10-27,15:21:46,2021-12-15,13:06:20,2021-10-27T04:21:46Z,2021-12-15T02:06:20Z,NA,NA,1,160,3,HO04104866,High,Rapidfire,5,0,Unbaited,None,NA,HYPERFIRE 2 COVERT,e4d4a68d3894922af4cf40187aa9abbf,2023-06-19T01:57:43Z,Justin Cally
StatewideDeer,46685,NA,r30m2yz9,1,-38.414834,146.645038,2022-11-21,18:20:00,2023-02-02,17:36:00,2022-11-21T07:20:00Z,2023-02-02T06:36:00Z,NA,NA,1,183,10,HO04103994,High,Rapidfire,5,0,Unbaited,None,NA,HYPERFIRE 2 COVERT,19fe4ffdd7b951a38f5c2b78e2365641,2023-06-19T01:57:43Z,Justin Cally
StatewideDeer,46738,NA,r32pxupp,1,-36.62719,146.60045,2021-10-26,13:14:00,2021-12-21,13:28:01,2021-10-26T02:14:00Z,2021-12-21T02:28:01Z,NA,NA,1,202,15,HO04102689,High,Rapidfire,5,0,Unbaited,None,NA,HYPERFIRE 2 COVERT,c8c4cde15a1678152d417f1f39f1e5ef,2023-06-19T01:57:43Z,Justin Cally
StatewideDeer,46792,NA,r3262dth,1,-37.558674,146.630714,2023-03-31,16:27:00,2023-05-17,15:56:00,2023-03-31T05:27:00Z,2023-05-17T05:56:00Z,NA,NA,1,130,3,wm4538,High,Rapidfire,5,0,Unbaited,None,NA,HYPERFIRE 2 COVERT,802a2f0e39148d102f2468bd5738d4dd,2023-06-19T01:57:43Z,Justin Cally
hog_deer_2023,46841,NA,r30k17yw,1,-38.650241,146.665468,2022-10-13,13:39:00,2022-12-13,15:28:00,2022-10-13T02:39:00Z,2022-12-13T04:28:00Z,NA,NA,1,180,0,WM#4900,High,Rapidfire,5,0,Unbaited,None,NA,HF2X,52dd9f6a4c930964d4e295449b579610,2023-06-19T02:24:21Z,Justin Cally
StatewideDeer,46993,NA,r3838u6f,1,-36.275044,146.638389,2023-03-28,09:05:00,2023-05-19,14:27:00,2023-03-27T22:05:00Z,2023-05-19T04:27:00Z,NA,NA,1,185,10,wm1928,High,Rapidfire,5,0,Unbaited,None,NA,HYPERFIRE 2 COVERT,5e2ee3989d1222d3cee6cd91dce0d29e,2023-06-19T01:57:43Z,Justin Cally
StatewideDeer,47055,NA,r32mc5hp,1,-36.94024,146.65106,2021-10-26,10:30:00,2021-12-21,11:23:06,2021-10-25T23:30:00Z,2021-12-21T00:23:06Z,NA,NA,1,188,3,HO04104981,High,Rapidfire,5,0,Unbaited,None,NA,HYPERFIRE 2 COVERT,20d4c97e558480fb1c26574694d3d6c7,2023-06-19T01:57:43Z,Justin Cally
StatewideDeer,47191A,NA,r32364h1,1,-37.737833,146.695092,2022-11-22,15:39:00,2023-02-03,13:51:00,2022-11-22T04:39:00Z,2023-02-03T02:51:00Z,NA,NA,1,261,12,HO04101053,High,Rapidfire,5,0,Unbaited,None,NA,HYPERFIRE 2 COVERT,e007419c27d196764a24c93ce73496be,2023-06-19T01:57:43Z,Justin Cally
StatewideDeer,47191B,NA,r32363t3,1,-37.7405,146.707878,2023-02-01,11:26:00,2023-03-16,11:51:00,2023-02-01T00:26:00Z,2023-03-16T00:51:00Z,NA,NA,1,180,20,PM38,High,Rapidfire,5,0,Unbaited,None,NA,HF2 PRO COVERT,1775135bc640b2369f96275799f4cfc4,2023-06-19T01:57:43Z,Justin Cally
StatewideDeer,47271,NA,r3236s68,1,-37.725513,146.715075,2021-10-28,11:18:48,2021-12-14,13:05:03,2021-10-28T00:18:48Z,2021-12-14T02:05:03Z,NA,NA,1,170,5,Ho04101286,High,Rapidfire,5,0,Unbaited,None,NA,HYPERFIRE 2 COVERT,9c6d98ec5384eb1554d5a23ae897699f,2023-06-19T01:57:43Z,Justin Cally
StatewideDeer,47272,NA,r3236x91,1,-37.70761,146.712872,2023-02-01,13:15:00,2023-03-16,10:48:00,2023-02-01T02:15:00Z,2023-03-15T23:48:00Z,2023-02-23T15:30:55Z,2023-03-15T23:48:00Z,1,195,1,PM121,High,Rapidfire,5,0,Unbaited,None,NA,HF2 PRO COVERT,df18d378677e08e309ba8e54c6110514,2023-06-19T01:57:43Z,Justin Cally
hog_deer_2023,47323,NA,r30k5m3p,1,-38.6418322383562,146.7460443125642,2022-10-13,10:40:00,2022-12-14,12:21:00,2022-10-12T23:40:00Z,2022-12-14T01:21:00Z,NA,NA,0.9,190,0,WM#1185,High,Rapidfire,5,0,Unbaited,None,NA,HF2X,6725a692396e9174a10dd2483221b8c8,2023-06-19T02:24:21Z,Justin Cally
StatewideDeer,47565,NA,r30mk01z,1,-38.450887,146.779806,2021-10-08,12:48:41,2021-12-13,11:49:28,2021-10-08T01:48:41Z,2021-12-13T00:49:28Z,NA,NA,1,172,2,HO04102719,High,Rapidfire,5,0,Unbaited,None,NA,HYPERFIRE 2 COVERT,0ea4220efd15572eac98c157a8619f13,2023-06-19T01:57:43Z,Justin Cally
StatewideDeer,47662,NA,r322sr1m,1,-37.841452,146.790205,2021-10-28,15:20:00,2021-12-14,14:50:26,2021-10-28T04:20:00Z,2021-12-14T03:50:26Z,NA,NA,1,180,20,HO04101284,High,Rapidfire,5,0,Unbaited,None,NA,HYPERFIRE 2 COVERT,051c730d5ca02a067d7553f20590275e,2023-06-19T01:57:43Z,Justin Cally
StatewideDeer,47800,NA,r30mkbgp,1,-38.4467,146.81468,2021-10-08,11:10:28,2021-12-13,11:30:20,2021-10-08T00:10:28Z,2021-12-13T00:30:20Z,NA,NA,1,120,1,HO04102707,High,Rapidfire,5,0,Unbaited,None,NA,HYPERFIRE 2 COVERT,62285c46988857431db9a5292d4d0938,2023-06-19T01:57:43Z,Justin Cally
StatewideDeer,47865,NA,r383ev0u,1,-36.27058,146.76746,2021-10-25,15:34:00,2021-12-19,16:08:59,2021-10-25T04:34:00Z,2021-12-19T05:08:59Z,NA,NA,1,198,7,HO04104925,High,Rapidfire,5,0,Unbaited,None,NA,HYPERFIRE 2 COVERT,95db83b95a4501143a5e9d95ce383236,2023-06-19T01:57:43Z,Justin Cally
StatewideDeer,48033,NA,r30mv9j4,1,-38.358399,146.850292,2023-02-02,09:38:00,2023-03-16,15:24:00,2023-02-01T22:38:00Z,2023-03-16T04:24:00Z,NA,NA,1,180,2,PM40,High,Rapidfire,5,0,Unbaited,None,NA,HF2 PRO COVERT,e69cc98304d8dbc1f651fe8a136211c3,2023-06-19T01:57:43Z,Justin Cally
StatewideDeer,48076,NA,r32muzj2,1,-36.919547,146.817621,2023-01-16,16:14:00,2023-03-07,13:49:00,2023-01-16T05:14:00Z,2023-03-07T02:49:00Z,NA,NA,1,180,5,PM153,High,Rapidfire,5,0,Unbaited,None,NA,HF2 PRO COVERT,13654adce9f8ef2cff4dd029780fb891,2023-06-19T01:57:43Z,Justin Cally
StatewideDeer,48088,NA,r382k8y2,1,-36.514323,146.808082,2023-01-18,09:56:00,2023-03-07,09:22:00,2023-01-17T22:56:00Z,2023-03-06T22:22:00Z,NA,NA,1,189,15,PM120,High,Rapidfire,5,0,Unbaited,None,NA,HF2 PRO COVERT,b1ec2eb88e6c71faf3ea8d5b464acb79,2023-06-19T01:57:43Z,Justin Cally
StatewideDeer,48162,NA,r32rubt4,1,-36.60321,146.817469,2023-01-18,13:40:00,2023-03-07,10:55:00,2023-01-18T02:40:00Z,2023-03-06T23:55:00Z,NA,NA,1,180,25,PM123,High,Rapidfire,5,0,Unbaited,None,NA,HF2 PRO COVERT,60c1555ddd04bf0d6b5ab6b0cc03b20a,2023-06-19T01:57:43Z,Justin Cally
hog_deer_2023,48256,NA,r30kqfhp,1,-38.61566,146.9039841884488,2022-10-13,12:17:00,2022-12-13,17:28:00,2022-10-13T01:17:00Z,2022-12-13T06:28:00Z,NA,NA,1,180,0,WM#1259,High,Rapidfire,5,0,Unbaited,None,NA,HF2X,846264fc12d77c18a858cd91b9394c47,2023-06-19T02:24:21Z,Justin Cally
hog_deer_2023,48269,NA,r30qyenh,1,-38.171203,146.895558,2022-10-10,16:05:00,2022-11-28,15:33:00,2022-10-10T05:05:00Z,2022-11-28T04:33:00Z,NA,NA,1,190,0,WM#2800,High,Rapidfire,5,0,Unbaited,None,NA,HF2X,fb78dee6eb6e9914ce2b9178a0bf26fd,2023-06-19T02:24:21Z,Justin Cally
StatewideDeer,48387,NA,r32qtxmq,1,-36.78526,146.85059,2021-10-25,17:31:00,2021-12-19,17:42:26,2021-10-25T06:31:00Z,2021-12-19T06:42:26Z,NA,NA,1,184,1,HO04102879,High,Rapidfire,5,0,Unbaited,None,NA,HYPERFIRE 2 COVERT,48e588a246921ccef078e46f4df80361,2023-06-19T01:57:43Z,Justin Cally
StatewideDeer,48422,NA,r30qyfrs,1,-38.175287,146.908743,2023-02-02,11:07:00,2023-03-17,09:02:00,2023-02-02T00:07:00Z,2023-03-16T22:02:00Z,NA,NA,1,195,1,PM7,High,Rapidfire,5,0,Unbaited,None,NA,HF2 PRO COVERT,aeccbb434ac00db108cf937489189f32,2023-06-19T01:57:43Z,Justin Cally
StatewideDeer,48588,NA,r322nedf,1,-37.94917,146.89104,2023-01-31,11:29:00,2023-03-15,14:54:00,2023-01-31T00:29:00Z,2023-03-15T03:54:00Z,NA,NA,1,195,2,PM48,High,Rapidfire,5,0,Unbaited,None,NA,HF2 PRO COVERT,ebefa6e31d5abb88549014fb3ccb6b22,2023-06-19T01:57:43Z,Justin Cally
StatewideDeer,48822,NA,r327xck1,1,-37.346429,146.947681,2023-01-30,13:26:00,2023-03-14,13:24:00,2023-01-30T02:26:00Z,2023-03-14T02:24:00Z,NA,NA,1,180,4,PM53,High,Rapidfire,5,0,Unbaited,None,NA,HF2 PRO COVERT,801d57114a3f0a83514cf9c7682b775a,2023-06-19T01:57:43Z,Justin Cally
hog_deer_2023,48875,NA,r30x8etx,1,-38.03608940764002,146.9827587392995,2022-10-10,12:25:00,2022-12-15,13:03:00,2022-10-10T01:25:00Z,2022-12-15T02:03:00Z,2022-12-15T00:51:17Z,2022-12-15T02:03:00Z,1,175,10,WM#2876,High,Rapidfire,5,0,Unbaited,None,NA,HF2X,77bf433cd91722a01e810c90f6afcfb4,2023-06-19T02:24:21Z,Justin Cally
hog_deer_2023,48934,NA,r30sc57z,1,-38.52094,147.00247,2022-10-12,10:45:37,2022-12-13,17:31:00,2022-10-11T23:45:37Z,2022-12-13T06:31:00Z,2022-12-13T05:21:27Z,2022-12-13T06:31:00Z,1,0,0,WM#4950,High,Rapidfire,5,0,Unbaited,None,NA,HF2X,90fe0883d7b706a3faa61134c7d32d88,2023-06-19T02:24:21Z,Justin Cally
StatewideDeer,4905,NA,r1kxd52v,1,-36.6316,141.4173,2021-10-14,16:47:00,2021-12-07,12:48:00,2021-10-14T05:47:00Z,2021-12-07T01:48:00Z,NA,NA,1.05,200,4,HO04101038,High,Rapidfire,5,0,Unbaited,None,NA,HYPERFIRE 2 COVERT,c05d7cdacfaac4a0362db09d7122ddfb,2023-06-19T01:57:43Z,Justin Cally
StatewideDeer,49111,NA,r32dbbtm,1,-37.481627,146.993419,2021-11-02,13:08:00,2021-12-15,15:14:27,2021-11-02T02:08:00Z,2021-12-15T04:14:27Z,NA,NA,1,180,5,HO04103668,High,Rapidfire,5,0,Unbaited,None,NA,HYPERFIRE 2 COVERT,d42f92ac0b0966cd6d32a444406c9550,2023-06-19T01:57:43Z,Justin Cally
StatewideDeer,49122,NA,r32mv1yy,1,-36.9472,146.8309,2023-01-17,12:04:00,2023-03-06,14:18:00,2023-01-17T01:04:00Z,2023-03-06T03:18:00Z,NA,NA,1,180,45,PM119,High,Rapidfire,5,0,Unbaited,None,NA,HF2 PRO COVERT,d24e6cb063727bb656b94955367c2d6f,2023-06-19T01:57:43Z,Justin Cally
hog_deer_2023,49371,NA,r30t4xr0,1,-38.456176,147.072927,2022-10-12,14:29:49,2022-12-14,11:15:00,2022-10-12T03:29:49Z,2022-12-14T00:15:00Z,NA,NA,1,170,0,WM#1247,High,Rapidfire,5,0,Unbaited,None,NA,HF2X,b9e2f7c93cb7cc1e90f46ccc343c6e13,2023-06-19T02:24:21Z,Justin Cally
StatewideDeer,49410,NA,r32s9ydw,1,-37.140851,147.033632,2021-12-20,15:52:03,2022-02-23,16:40:57,2021-12-20T04:52:03Z,2022-02-23T05:40:57Z,NA,NA,1,196,18,HO04101247,High,Rapidfire,5,0,Unbaited,None,NA,HYPERFIRE 2 COVERT,b65783865a4094414d54553411bf9b51,2023-06-19T01:57:43Z,Justin Cally
StatewideDeer,49468,NA,r329fmp9,1,-37.633379,147.062605,2021-10-27,17:28:43,2021-12-14,17:21:06,2021-10-27T06:28:43Z,2021-12-14T06:21:06Z,NA,NA,1,180,1,HO04104878,High,Rapidfire,5,0,Unbaited,None,NA,HYPERFIRE 2 COVERT,d5afee2ea97bdbd5b250545b2fdbf0d4,2023-06-19T01:57:43Z,Justin Cally
StatewideDeer,49487,NA,r32td1vb,1,-36.992302,147.049033,2023-01-17,16:44:00,2023-03-06,16:44:00,2023-01-17T05:44:00Z,2023-03-06T05:44:00Z,NA,NA,1,180,20,PM133,High,Rapidfire,5,0,Unbaited,None,NA,HF2 PRO COVERT,51885988000b29270f0a16b814921a6a,2023-06-19T01:57:43Z,Justin Cally
hog_deer_2023,49659,NA,r30tu0f2,1,-38.360129,147.132311,2022-10-18,15:34:39,2022-12-14,11:33:00,2022-10-18T04:34:39Z,2022-12-14T00:33:00Z,NA,NA,1,200,0,WM#1171,High,Rapidfire,5,0,Unbaited,None,NA,HF2X,3d9f31858aff0e5ec3dd51893c2a81df,2023-06-19T02:24:21Z,Justin Cally
StatewideDeer,49768,NA,r32t579z,1,-37.069273,147.098422,2021-12-20,13:48:54,2022-02-23,15:16:33,2021-12-20T02:48:54Z,2022-02-23T04:16:33Z,NA,NA,1,185,15,HO04102802,High,Rapidfire,5,0,Unbaited,None,NA,HYPERFIRE 2 COVERT,ba43e0c966b9a7c23ab3eefbe570de2a,2023-06-19T01:57:43Z,Justin Cally
StatewideDeer,49770,NA,r32te215,1,-37.001389,147.097535,2021-12-20,11:57:31,2022-02-23,14:39:55,2021-12-20T00:57:31Z,2022-02-23T03:39:55Z,NA,NA,1,211,40,HO04104912,High,Rapidfire,5,0,Unbaited,None,NA,HYPERFIRE 2 COVERT,c31fbf786c49b024946bf98484cc13bc,2023-06-19T01:57:43Z,Justin Cally
StatewideDeer,49897,NA,r32dkpjz,1,-37.533508,147.137109,2021-10-27,12:28:41,2021-12-14,20:13:27,2021-10-27T01:28:41Z,2021-12-14T09:13:27Z,NA,NA,0.9,190,15,HO04104538,High,Rapidfire,5,0,Unbaited,None,NA,HYPERFIRE 2 COVERT,acb19c1ea100acd5c815ceb066cf0463,2023-06-19T01:57:43Z,Justin Cally
hog_deer_2023,50166,NA,r30xj929,1,-38.13747427078716,147.19562145884433,2022-10-10,17:36:00,2023-01-24,11:36:00,2022-10-10T06:36:00Z,2023-01-24T00:36:00Z,2022-11-28T00:00:33Z,2023-01-24T00:36:00Z,1,170,0,WM#1261,High,Rapidfire,5,0,Unbaited,None,NA,HF2X,1cb194ff5c092e579f238b50f2a28433,2023-06-19T02:24:21Z,Justin Cally
hog_deer_2023,50168,NA,r30xmt2g,1,-38.071082667681104,147.1961634776725,2022-10-12,11:54:00,2022-11-25,10:43:00,2022-10-12T00:54:00Z,2022-11-24T23:43:00Z,2022-10-13T22:59:32Z,2022-11-24T23:43:00Z,1,170,0,WM#2692,High,Rapidfire,5,0,Unbaited,None,NA,HF2X,e36b7dcd4e2a6904898a65f93a31b797,2023-06-19T02:24:21Z,Justin Cally
hog_deer_2023,50307,NA,r30xjzqh,1,-38.103932,147.214098,2022-10-18,18:29:53,2022-12-14,13:45:00,2022-10-18T07:29:53Z,2022-12-14T02:45:00Z,2022-12-07T21:43:26Z,2022-12-14T02:45:00Z,1,0,0,WM#4916,High,Rapidfire,5,0,Unbaited,None,NA,HF2X,5cec3d797affca58a25881e34bd23c01,2023-06-19T02:24:21Z,Justin Cally
hog_deer_2023,50371,NA,r30wntep,1,-38.288782,147.243113,2022-10-18,15:37:00,2022-12-14,14:19:00,2022-10-18T04:37:00Z,2022-12-14T03:19:00Z,2022-12-09T10:50:16Z,2022-12-14T03:19:00Z,1,180,0,WM#2776,High,Rapidfire,5,0,Unbaited,None,NA,HF2X,8eb5a02ad3a24fd9fddf3ce8dccb2c9f,2023-06-19T02:24:21Z,Justin Cally
hog_deer_2023,50372,NA,r30wqs55,1,-38.25380986954919,147.24302168802188,2022-10-12,12:15:00,2022-12-15,11:15:00,2022-10-12T01:15:00Z,2022-12-15T00:15:00Z,NA,NA,1,170,0,WM#1278,High,Rapidfire,5,0,Unbaited,None,NA,HF2X,699a4114ae630625beb959c0e4c7fe64,2023-06-19T02:24:21Z,Justin Cally
hog_deer_2023,50377,NA,r30xqs7q,1,-38.07607739342943,147.24347080702876,2022-10-12,09:16:00,2022-11-25,12:19:00,2022-10-11T22:16:00Z,2022-11-25T01:19:00Z,NA,NA,1,190,0,WM#5165,High,Rapidfire,5,0,Unbaited,None,NA,HF2X,12c093bf11b5996b2df1c9d1d7737f35,2023-06-19T02:24:21Z,Justin Cally
StatewideDeer,50461,NA,r32dnd9p,1,-37.602135,147.240188,2022-11-24,18:12:00,2023-01-11,13:05:00,2022-11-24T07:12:00Z,2023-01-11T02:05:00Z,NA,NA,1,180,10,PM109,High,Rapidfire,5,0,Unbaited,None,NA,HF2 PRO COVERT,14828fa7e86f05965642fdd0d48ba17f,2023-06-19T01:57:43Z,Justin Cally
hog_deer_2023,50511,NA,r30wx54q,1,-38.21481274047325,147.26393347660274,2022-10-12,13:39:00,2022-12-15,10:50:00,2022-10-12T02:39:00Z,2022-12-14T23:50:00Z,NA,NA,1,170,0,WM#2709,High,Rapidfire,5,0,Unbaited,None,NA,HF2X,038a99ae345919579e8592a1cddb8cee,2023-06-19T02:24:21Z,Justin Cally
hog_deer_2023,50648,NA,r30wz8v3,1,-38.18414,147.29004,2022-11-08,13:32:00,2023-01-24,10:37:00,2022-11-08T02:32:00Z,2023-01-23T23:37:00Z,NA,NA,1,185,0,WM#1180,High,Rapidfire,5,0,Unbaited,None,NA,HF2X,d3f0cf6c1fcbb02a0c1bbc7c4cf414e5,2023-06-19T02:24:21Z,Justin Cally
hog_deer_2023,50653,NA,r30xxqu8,1,-38.019454403848954,147.2780315439959,2022-10-12,14:51:00,2022-11-24,14:34:00,2022-10-12T03:51:00Z,2022-11-24T03:34:00Z,NA,NA,1,188,5,WM#4503,High,Rapidfire,5,0,Unbaited,None,NA,HF2X,4ebaf221afe93529a095e00f62fd6752,2023-06-19T02:24:21Z,Justin Cally
StatewideDeer,50725,NA,r328ru78,1,-37.901328,147.298627,2022-11-04,12:19:00,2022-12-22,08:22:00,2022-11-04T01:19:00Z,2022-12-21T21:22:00Z,NA,NA,1,180,15,PM149,High,Rapidfire,5,0,Unbaited,None,NA,HF2 PRO COVERT,a30c7683921334156de369d3669763ac,2023-06-19T01:57:43Z,Justin Cally
StatewideDeer,50819,NA,r32trkew,1,-37.020013,147.276713,2021-12-20,10:08:49,2022-02-23,13:11:59,2021-12-19T23:08:49Z,2022-02-23T02:11:59Z,NA,NA,1,172,30,HO04101249,High,Rapidfire,5,0,Unbaited,None,NA,HYPERFIRE 2 COVERT,5191de14a1219f1e3497ea09d4ea181f,2023-06-19T01:57:43Z,Justin Cally
hog_deer_2023,50849,NA,r30y235x,1,-38.26959365771178,147.320581683197,2022-10-12,16:02:00,2022-11-29,15:52:00,2022-10-12T05:02:00Z,2022-11-29T04:52:00Z,NA,NA,0.9,170,0,WM#1535,High,Rapidfire,5,0,Unbaited,None,NA,HF2X,2800a11474f78babe178d9084723f5bf,2023-06-19T02:24:21Z,Justin Cally
hog_deer_2023,50850,NA,r30y2rdr,1,-38.23385442247459,147.31906500680572,2022-10-12,10:49:00,2022-12-15,09:45:00,2022-10-11T23:49:00Z,2022-12-14T22:45:00Z,NA,NA,1,170,2,WM#2718,High,Rapidfire,5,0,Unbaited,None,NA,HF2X,b05a603b9446d2bf5ac89b73fb6ce32d,2023-06-19T02:24:21Z,Justin Cally
hog_deer_2023,50986,NA,r30z118y,1,-38.13513370500755,147.34975183390668,2022-10-11,15:27:00,2022-11-29,12:45:00,2022-10-11T04:27:00Z,2022-11-29T01:45:00Z,NA,NA,1,170,0,WM#2717,High,Rapidfire,5,0,Unbaited,None,NA,HF2X,dc9bc84bce725666ec2d63cc0ab8d448,2023-06-19T02:24:21Z,Justin Cally
hog_deer_2023,50989,NA,r30z8nkc,1,-38.021968,147.311503,2022-10-12,14:13:36,2022-12-14,14:54:00,2022-10-12T03:13:36Z,2022-12-14T03:54:00Z,NA,NA,1,210,0,WM#2811,High,Rapidfire,5,0,Unbaited,None,NA,HF2X,095e299f48259fe9bbfce7feb4e9acb1,2023-06-19T02:24:21Z,Justin Cally
StatewideDeer,51037,NA,r388zc3e,1,-36.423162,147.296009,2023-01-30,14:55:00,2023-03-14,14:29:00,2023-01-30T03:55:00Z,2023-03-14T03:29:00Z,NA,NA,1,210,15,PM39,High,Rapidfire,5,0,Unbaited,None,NA,HF2 PRO COVERT,10d3b612f1d01a0f15e5f6bf7298113c,2023-06-19T01:57:43Z,Justin Cally
hog_deer_2023,51050,NA,r30y93q5,1,-38.22495127860564,147.36793553429692,2022-10-12,17:02:00,2022-12-14,16:02:00,2022-10-12T06:02:00Z,2022-12-14T05:02:00Z,NA,NA,1,180,0,WM#4514,High,Rapidfire,5,0,Unbaited,None,NA,HF2X,c1d2c24271704a4afbcf910818b6fb13,2023-06-19T02:24:21Z,Justin Cally
hog_deer_2023,51183,NA,r30ycf5b,1,-38.17738536121888,147.38690016630423,2022-10-11,11:23:00,2022-11-29,14:04:00,2022-10-11T00:23:00Z,2022-11-29T03:04:00Z,NA,NA,1,180,2,WM#2450,High,Rapidfire,5,0,Unbaited,None,NA,HF2X,c5d46e35365d8fcea3bf935c2594fb6d,2023-06-19T02:24:21Z,Justin Cally
StatewideDeer,51220,NA,r32vc422,1,-36.945519,147.349012,2023-01-31,11:34:00,2023-03-14,19:33:00,2023-01-31T00:34:00Z,2023-03-14T08:33:00Z,NA,NA,1,190,1,PM51,High,Rapidfire,5,0,Unbaited,None,NA,HF2 PRO COVERT,4589cef4f0c5b180913d9f00f523c527,2023-06-19T01:57:43Z,Justin Cally
hog_deer_2023,51314,NA,r30yfrb8,1,-38.1457825763921,147.40435392671552,2022-10-11,09:59:00,2022-11-29,12:12:00,2022-10-10T22:59:00Z,2022-11-29T01:12:00Z,NA,NA,1,160,5,WM#2721,High,Rapidfire,5,0,Unbaited,None,NA,HF2X,f4683105646f74ca4b6f1dfc2f66bfdc,2023-06-19T02:24:21Z,Justin Cally
hog_deer_2023,51382,NA,r30z6c0q,1,-38.094042,147.426172,2022-10-12,11:06:22,2022-11-25,15:00:00,2022-10-12T00:06:22Z,2022-11-25T04:00:00Z,NA,NA,1,235,0,WM#5113,High,Rapidfire,5,0,Unbaited,None,NA,HF2X,f7b1307e19a42bd1c1589cf7e0cfd588,2023-06-19T02:24:21Z,Justin Cally
hog_deer_2023,51447,NA,r30ygn12,1,-38.155474883453714,147.43846649465644,2022-10-11,13:32:00,2022-11-29,11:29:00,2022-10-11T02:32:00Z,2022-11-29T00:29:00Z,NA,NA,1,160,0,WM#1050,High,Rapidfire,5,0,Unbaited,None,NA,HF2X,e9c2269c81b0797aad625f042bc37ac7,2023-06-19T02:24:21Z,Justin Cally
StatewideDeer,51463,NA,r32f48fk,1,-37.612335,147.41779,2022-11-24,15:42:00,2023-01-11,11:02:00,2022-11-24T04:42:00Z,2023-01-11T00:02:00Z,NA,NA,1,180,1,PM110,High,Rapidfire,5,0,Unbaited,None,NA,HF2 PRO COVERT,29b4bf04f92fbbbcc21672dedc16eaf8,2023-06-19T01:57:43Z,Justin Cally
hog_deer_2023,51517,NA,r30zf90e,1,-38.006549,147.41539,2022-10-12,09:55:06,2022-11-24,16:43:00,2022-10-11T22:55:06Z,2022-11-24T05:43:00Z,2022-11-24T04:43:48Z,2022-11-24T05:43:00Z,1,225,0,WM#4519,High,Rapidfire,5,0,Unbaited,None,NA,HF2X,f0f0fbe75bf0331e187ccd6bd25abe82,2023-06-19T02:24:21Z,Justin Cally
hog_deer_2023,51579,NA,r30z5w49,1,-38.111256,147.462027,2022-10-11,16:48:24,2022-11-29,09:27:00,2022-10-11T05:48:24Z,2022-11-28T22:27:00Z,NA,NA,1,0,0,WM#2875,High,Rapidfire,5,0,Unbaited,None,NA,HF2X,827a47ef8575284326632234015711de,2023-06-19T02:24:21Z,Justin Cally
hog_deer_2023,51581,NA,r30zeev3,1,-38.035714,147.46582,2022-10-12,12:29:43,2022-11-24,15:59:00,2022-10-12T01:29:43Z,2022-11-24T04:59:00Z,NA,NA,1,80,0,WM#1250,High,Rapidfire,5,0,Unbaited,None,NA,HF2X,78e72222c8fd5f4be5bf7211e76120c4,2023-06-19T02:24:21Z,Justin Cally
StatewideDeer,5173,NA,r1seg1kg,1,-35.89579,141.46664,2021-10-15,17:25:00,2021-12-08,13:00:00,2021-10-15T06:25:00Z,2021-12-08T02:00:00Z,NA,NA,1,205,4,HO04104854,High,Rapidfire,5,0,Unbaited,None,NA,HYPERFIRE 2 COVERT,dcc6def01e2d80a2f70275ae5566a91f,2023-06-19T01:57:43Z,Justin Cally
hog_deer_2023,51777,NA,r30zh6tg,1,-38.130212259017505,147.49950683210497,2022-10-17,14:19:00,2022-12-14,18:15:00,2022-10-17T03:19:00Z,2022-12-14T07:15:00Z,2022-11-20T02:35:00Z,2022-12-14T07:15:00Z,1,180,5,WM#1051,High,Rapidfire,5,0,Unbaited,None,NA,HF2X,58e7f59efc565e0f26d8036c666f9272,2023-06-19T02:24:21Z,Justin Cally
StatewideDeer,51790,NA,r32cs53v,1,-37.686326,147.48301,2021-10-28,17:58:05,2021-12-15,19:06:38,2021-10-28T06:58:05Z,2021-12-15T08:06:38Z,NA,NA,1,180,0,HO04101909,High,Rapidfire,5,0,Unbaited,None,NA,HYPERFIRE 2 COVERT,792f53427bf7f658900bebd66463b2f6,2023-06-19T01:57:43Z,Justin Cally
StatewideDeer,51833,NA,r38cep2u,1,-36.258316,147.437738,2023-01-20,12:41:00,2023-03-08,10:48:00,2023-01-20T01:41:00Z,2023-03-07T23:48:00Z,NA,NA,1,170,45,PM115,High,Rapidfire,5,0,Unbaited,None,NA,HF2 PRO COVERT,cf0be3431069acc791e9b23293db4367,2023-06-19T01:57:43Z,Justin Cally
hog_deer_2023,51844,NA,r30zkk4g,1,-38.078069,147.495371,2022-10-11,13:40:32,2022-11-28,17:08:00,2022-10-11T02:40:32Z,2022-11-28T06:08:00Z,NA,NA,1,0,0,WM#1047,High,Rapidfire,5,0,Unbaited,None,NA,HF2X,11a11b583686823e73efcaa39116a080,2023-06-19T02:24:21Z,Justin Cally
StatewideDeer,51871,NA,r32uebdk,1,-37.174177,147.472584,2021-11-03,14:53:20,2022-01-10,11:44:35,2021-11-03T03:53:20Z,2022-01-10T00:44:35Z,NA,NA,1,180,1,HO04105163,High,Rapidfire,5,0,Unbaited,None,NA,HYPERFIRE 2 COVERT,a8decbd36bd09fbc04da1601fef83f05,2023-06-19T01:57:43Z,Justin Cally
hog_deer_2023,51911,NA,r30ztn2b,1,-38.02229415144078,147.52570869477452,2022-10-10,12:22:00,2022-11-24,10:30:00,2022-10-10T01:22:00Z,2022-11-23T23:30:00Z,NA,NA,1,155,0,WM#4866,High,Rapidfire,5,0,Unbaited,None,NA,HF2X,3ca7860c835ff0cf644fbff31772b15f,2023-06-19T02:24:21Z,Justin Cally
StatewideDeer,51957,NA,r38b7tte,1,-36.487802,147.46618900000001,2023-01-30,18:49:00,2023-03-14,16:30:00,2023-01-30T07:49:00Z,2023-03-14T05:30:00Z,NA,NA,1,180,5,PM6,High,Rapidfire,5,0,Unbaited,None,NA,HF2 PRO COVERT,bd236a8e6d5e528ab0e28849fe39b77c,2023-06-19T01:57:43Z,Justin Cally
StatewideDeer,51968,NA,r38fe3pj,1,-36.11668,147.457322,2021-11-23,10:50:49,2022-01-11,11:50:45,2021-11-22T23:50:49Z,2022-01-11T00:50:45Z,NA,NA,1,190,4,HO04101176,High,Rapidfire,5,0,Unbaited,None,NA,HYPERFIRE 2 COVERT,bdae22ac6f15c9becd6a7bab960f7d3e,2023-06-19T01:57:43Z,Justin Cally
StatewideDeer,51995,NA,r32ghqqg,1,-37.406445,147.501034,2022-11-03,15:13:00,2022-12-22,12:20:00,2022-11-03T04:13:00Z,2022-12-22T01:20:00Z,NA,NA,1,108,-3,PM139,High,Rapidfire,5,0,Unbaited,None,NA,HF2 PRO COVERT,f8bce72ef05c63e7c8349e76c51359f7,2023-06-19T01:57:43Z,Justin Cally
StatewideDeer,52018,NA,r32zs5hj,1,-36.632979,147.485977,2021-11-22,14:27:31,2022-01-10,15:22:53,2021-11-22T03:27:31Z,2022-01-10T04:22:53Z,NA,NA,1,180,2,HO04104875,High,Rapidfire,5,0,Unbaited,None,NA,HYPERFIRE 2 COVERT,dc5b65e323803b1b7e2066b9182af515,2023-06-19T01:57:43Z,Justin Cally
StatewideDeer,52036,NA,r38g59hk,1,-36.0289,147.464572,2021-11-23,12:35:52,2022-01-11,13:00:52,2021-11-23T01:35:52Z,2022-01-11T02:00:52Z,NA,NA,1,175,0,HO04101930,High,Rapidfire,5,0,Unbaited,None,NA,HYPERFIRE 2 COVERT,d89d9407e20559cd7ebedff3513f742d,2023-06-19T01:57:43Z,Justin Cally
StatewideDeer,52192,NA,r33ggjy2,1,-37.277914,148.851359,2022-11-03,12:22:00,2022-12-22,10:48:00,2022-11-03T01:22:00Z,2022-12-21T23:48:00Z,NA,NA,1,180,-2,PM122,High,Rapidfire,5,0,Unbaited,None,NA,HF2 PRO COVERT,f977f05327747067fbdb343d1cb93d9e,2023-06-19T01:57:43Z,Justin Cally
StatewideDeer,52224,NA,r38cuwcr,1,-36.216543,147.504206,2023-01-20,09:54:00,2023-03-08,11:57:00,2023-01-19T22:54:00Z,2023-03-08T00:57:00Z,NA,NA,1,180,15,PM112,High,Rapidfire,5,0,Unbaited,None,NA,HF2 PRO COVERT,7e054402cf6445ab3fb30d1428f21ab9,2023-06-19T01:57:43Z,Justin Cally
StatewideDeer,52254,NA,r32gmtnb,1,-37.369833,147.555963,2022-11-03,14:03:00,2022-12-22,11:46:00,2022-11-03T03:03:00Z,2022-12-22T00:46:00Z,NA,NA,1,190,3,PM124,High,Rapidfire,5,0,Unbaited,None,NA,HF2 PRO COVERT,4a2ed30799a9f611eda129b8b8a2518c,2023-06-19T01:57:43Z,Justin Cally
StatewideDeer,52286,NA,r38ckys3,1,-36.306847,147.519395,2021-11-23,16:15:46,2022-01-11,09:55:29,2021-11-23T05:15:46Z,2022-01-10T22:55:29Z,NA,NA,1,200,0,HO04104535,High,Rapidfire,5,0,Unbaited,None,NA,HYPERFIRE 2 COVERT,492d5671f1289235e06de0994dbada1f,2023-06-19T01:57:43Z,Justin Cally
hog_deer_2023,52297,NA,r30zqxgf,1,-38.057644,147.595734,2022-10-11,11:48:40,2022-12-15,10:40:00,2022-10-11T00:48:40Z,2022-12-14T23:40:00Z,2022-11-21T23:23:57Z,2022-12-14T23:40:00Z,1,180,0,WM#2691,High,Rapidfire,5,0,Unbaited,None,NA,HF2X,592a60520990f1ef9cff898133407125,2023-06-19T02:24:21Z,Justin Cally
StatewideDeer,5232,NA,r1hx371c,1,-38.083837,141.385663,2022-03-31,10:50:08,2022-05-09,17:20:00,2022-03-30T23:50:08Z,2022-05-09T07:20:00Z,NA,NA,1,170,0,HO04105113,High,Rapidfire,5,0,Unbaited,None,NA,HYPERFIRE 2 COVERT,3ecd7bcd6ac26be349954bf56b2cadd6,2023-06-19T01:57:43Z,Justin Cally
StatewideDeer,52438,NA,r32fqfbt,1,-37.557215,147.602034,2021-10-28,14:22:21,2021-12-17,08:19:17,2021-10-28T03:22:21Z,2021-12-16T21:19:17Z,NA,NA,1,180,5,HO04101177,High,Rapidfire,5,0,Unbaited,None,NA,HYPERFIRE 2 COVERT,36635dde7fdc0592747ca06dcddcbcf0,2023-06-19T01:57:43Z,Justin Cally
hog_deer_2023,52488,NA,r30zzp43,1,-37.9739373353478,147.615526984528,2022-10-10,14:14:00,2022-11-24,08:38:00,2022-10-10T03:14:00Z,2022-11-23T21:38:00Z,NA,NA,1,164,0,WM#2693,High,Rapidfire,5,0,Unbaited,None,NA,HF2X,cdef8823be87ccbe0cb2f63d9c486226,2023-06-19T02:24:21Z,Justin Cally
hog_deer_2023,52615,NA,r32brfqc,1,-37.912168,147.654658,2022-10-10,10:22:09,2022-11-24,12:04:00,2022-10-09T23:22:09Z,2022-11-24T01:04:00Z,NA,NA,1,147,0,WM#1286,High,Rapidfire,5,0,Unbaited,None,NA,HF2X,65e9d9089dd034aa08c075a706530c15,2023-06-19T02:24:21Z,Justin Cally
hog_deer_2023,52675,NA,r30zzur6,1,-37.988881,147.655322,2022-10-11,10:12:41,2022-11-28,18:12:00,2022-10-10T23:12:41Z,2022-11-28T07:12:00Z,NA,NA,1,160,0,WM#1059,High,Rapidfire,5,0,Unbaited,None,NA,HF2X,d195ce59e87efaf6f06a3814067991c7,2023-06-19T02:24:21Z,Justin Cally
hog_deer_2023,52798,NA,r3300eg9,1,-37.947859,147.683155,2022-10-10,11:26:03,2022-11-24,12:47:00,2022-10-10T00:26:03Z,2022-11-24T01:47:00Z,NA,NA,1,220,0,WM#4538,High,Rapidfire,5,0,Unbaited,None,NA,HF2X,87d762b0aad1d23ea23e5fb6025dc054,2023-06-19T02:24:21Z,Justin Cally
StatewideDeer,53059,NA,r334csbb,1,-37.459242,147.723327,2022-11-03,17:35:00,2022-12-22,13:57:00,2022-11-03T06:35:00Z,2022-12-22T02:57:00Z,NA,NA,1,205,2,PM152,High,Rapidfire,5,0,Unbaited,None,NA,HF2 PRO COVERT,5d15a288359e5b5c1723cf95e582cc23,2023-06-19T01:57:43Z,Justin Cally
StatewideDeer,53117,NA,r3343b8c,1,-37.570311,147.734489,2021-10-28,10:44:38,2021-12-17,10:03:21,2021-10-27T23:44:38Z,2021-12-16T23:03:21Z,NA,NA,1,180,5,HO04101276,High,Rapidfire,5,0,Unbaited,None,NA,HYPERFIRE 2 COVERT,6925b2a463bfa56c81dde9c4bd7e6769,2023-06-19T01:57:43Z,Justin Cally
StatewideDeer,53254,NA,r33j45g2,1,-37.069190999999996,147.748873,2021-11-03,18:20:00,2022-01-12,12:13:12,2021-11-03T07:20:00Z,2022-01-12T01:13:12Z,NA,NA,1,180,5,HO04102811,High,Rapidfire,5,0,Unbaited,None,NA,HYPERFIRE 2 COVERT,365040f2ccbed766904972165babd129,2023-06-19T01:57:43Z,Justin Cally
StatewideDeer,53282,NA,r3943jtv,1,-36.135825,147.708229,2021-11-24,10:24:49,2022-01-11,15:09:41,2021-11-23T23:24:49Z,2022-01-11T04:09:41Z,NA,NA,1,185,1,HO04101181,High,Rapidfire,5,0,Unbaited,None,NA,HYPERFIRE 2 COVERT,a4a9472b5b984d82ad9e98889c859ada,2023-06-19T01:57:43Z,Justin Cally
StatewideDeer,53577,NA,r390ffws,1,-36.416145,147.786152,2023-01-19,09:35:00,2023-03-08,14:41:00,2023-01-18T22:35:00Z,2023-03-08T03:41:00Z,NA,NA,1,187,5,PM45,High,Rapidfire,5,0,Unbaited,None,NA,HF2 PRO COVERT,c95fc4352f4d2c5788e89aa122970a3f,2023-06-19T01:57:43Z,Justin Cally
hog_deer_2023,53651,NA,r330k8ew,1,-37.9209761,147.8589264,2022-10-10,12:45:00,2023-01-26,11:05:00,2022-10-10T01:45:00Z,2023-01-26T00:05:00Z,NA,NA,1,180,0,WM2707,High,Rapidfire,5,0,Unbaited,None,NA,HF2X,3d36acdb2e331528595d24fda520faff,2023-06-19T02:24:21Z,Justin Cally
StatewideDeer,53808,NA,r33pgbsb,1,-36.60364,147.827591,2021-11-25,10:28:00,2022-01-12,09:34:49,2021-11-24T23:28:00Z,2022-01-11T22:34:49Z,NA,NA,1,190,5,HO04101704,High,Rapidfire,5,0,Unbaited,None,NA,HYPERFIRE 2 COVERT,e6dad03b6c1adda54a449dfdaeae83f7,2023-06-19T01:57:43Z,Justin Cally
StatewideDeer,54315,NA,r33jngcj,1,-37.068348,147.95451,2023-02-01,16:57:00,2023-03-15,10:18:00,2023-02-01T05:57:00Z,2023-03-14T23:18:00Z,NA,NA,1,190,15,PM59,High,Rapidfire,5,0,Unbaited,None,NA,HF2 PRO COVERT,da90278a4809fd83a77f610aa1947168,2023-06-19T01:57:43Z,Justin Cally
StatewideDeer,54449,NA,r390yxmz,1,-36.389487,147.949893,2023-01-19,13:34:00,2023-03-08,17:16:00,2023-01-19T02:34:00Z,2023-03-08T06:16:00Z,NA,NA,1,184,5,PM60,High,Rapidfire,5,0,Unbaited,None,NA,HF2 PRO COVERT,54675c26521320bc2e497f1094123828,2023-06-19T01:57:43Z,Justin Cally
StatewideDeer,54462,NA,r332b74q,1,-37.8194,148.02194,2022-10-31,14:27:00,2022-12-20,09:45:00,2022-10-31T03:27:00Z,2022-12-19T22:45:00Z,NA,NA,1,170,0,PM114,High,Rapidfire,5,0,Unbaited,None,NA,HF2 PRO COVERT,535616d43e4b472643b7f3df3415e552,2023-06-19T01:57:43Z,Justin Cally
StatewideDeer,54507,NA,r391qvyx,1,-36.309825,147.961849,2021-11-24,12:51:00,2022-01-11,16:50:27,2021-11-24T01:51:00Z,2022-01-11T05:50:27Z,NA,NA,1,180,2,HO04102748,High,Rapidfire,5,0,Unbaited,None,NA,HYPERFIRE 2 COVERT,0509a57f842853da71c320f01eca762e,2023-06-19T01:57:43Z,Justin Cally
StatewideDeer,54618,NA,r391xt19,1,-36.271077,147.988155,2023-01-19,16:46:00,2023-03-08,18:49:00,2023-01-19T05:46:00Z,2023-03-08T07:49:00Z,NA,NA,1,180,20,PM154,High,Rapidfire,5,0,Unbaited,None,NA,HF2 PRO COVERT,0b8009a188d0ad076d6f3306d3964c20,2023-06-19T01:57:43Z,Justin Cally
hog_deer_2023,54626,NA,r3328fwq,1,-37.86598602596543,148.04945440444547,2022-10-10,16:34:00,2022-11-23,17:03:00,2022-10-10T05:34:00Z,2022-11-23T06:03:00Z,NA,NA,1,179,10,WM#4897,High,Rapidfire,5,0,Unbaited,None,NA,HF2X,92a4d71e4076c24ec35c8acce085869f,2023-06-19T02:24:21Z,Justin Cally
StatewideDeer,54669,NA,r390z8w0,1,-36.427771,147.994322,2021-11-24,15:13:27,2022-01-11,17:47:39,2021-11-24T04:13:27Z,2022-01-11T06:47:39Z,NA,NA,1,180,10,HO04102708,High,Rapidfire,5,0,Unbaited,None,NA,HYPERFIRE 2 COVERT,3f8aa4fc4c781862cbc07f3fa4ef639c,2023-06-19T01:57:43Z,Justin Cally
StatewideDeer,54800,NA,r336cqr5,1,-37.450378,148.072566,2022-11-23,14:19:00,2023-01-10,11:00:00,2022-11-23T03:19:00Z,2023-01-10T00:00:00Z,NA,NA,1,160,2,PM81,High,Rapidfire,5,0,Unbaited,None,NA,HF2 PRO COVERT,d4aaaceb2b9b44f0d0052d92a43c194b,2023-06-19T01:57:43Z,Justin Cally
StatewideDeer,54817,NA,r33q1q2j,1,-36.878829,148.063025,2021-11-04,11:45:00,2022-01-12,14:02:37,2021-11-04T00:45:00Z,2022-01-12T03:02:37Z,NA,NA,1,190,10,HO04105113,High,Rapidfire,5,0,Unbaited,None,NA,HYPERFIRE 2 COVERT,465f11903f9a2d8f9f137ffbbcf84d98,2023-06-19T01:57:43Z,Justin Cally
StatewideDeer,54903,NA,r336fpv3,1,-37.442557,148.103168,2021-10-25,12:11:48,2021-12-16,17:29:20,2021-10-25T01:11:48Z,2021-12-16T06:29:20Z,NA,NA,1,180,1,HO04101183,High,Rapidfire,5,0,Unbaited,None,NA,HYPERFIRE 2 COVERT,84b364f70fd140efd783a06b40394602,2023-06-19T01:57:43Z,Justin Cally
StatewideDeer,54912,NA,r33kdn80,1,-37.141962,148.095722,2021-11-04,18:25:00,2022-01-13,10:36:23,2021-11-04T07:25:00Z,2022-01-12T23:36:23Z,NA,NA,1,180,1,HO04104949,High,Rapidfire,5,0,Unbaited,None,NA,HYPERFIRE 2 COVERT,b1d658e464bef5fb9054701b6886b258,2023-06-19T01:57:43Z,Justin Cally
StatewideDeer,54967,NA,r33q9ydc,1,-36.790205,148.088547,2023-02-03,12:34:00,2023-03-16,08:49:00,2023-02-03T01:34:00Z,2023-03-15T21:49:00Z,NA,NA,1,170,2,PM58,High,Rapidfire,5,0,Unbaited,None,NA,HF2 PRO COVERT,4826e0ff7a95fc6cb24ecbddcee82178,2023-06-19T01:57:43Z,Justin Cally
StatewideDeer,55090,NA,r33mdyue,1,-36.964288,148.13485,2023-02-03,17:08:00,2023-03-16,11:07:00,2023-02-03T06:08:00Z,2023-03-16T00:07:00Z,NA,NA,1,170,7,PM57,High,Rapidfire,5,0,Unbaited,None,NA,HF2 PRO COVERT,52f78f314a908cf7f58c2fb1da457fca,2023-06-19T01:57:43Z,Justin Cally
StatewideDeer,55092,NA,r33q4b81,1,-36.911106,148.128669,2021-11-04,13:30:02,2022-01-12,14:39:41,2021-11-04T02:30:02Z,2022-01-12T03:39:41Z,NA,NA,1,180,10,HO04104514,High,Rapidfire,5,0,Unbaited,None,NA,HYPERFIRE 2 COVERT,9e0e6423935d7600fd693912af4c27ad,2023-06-19T01:57:43Z,Justin Cally
hog_deer_2023,55106,NA,r332gcqz,1,-37.82878639975875,148.1821011620098,2022-10-10,18:11:00,2022-11-23,15:49:00,2022-10-10T07:11:00Z,2022-11-23T04:49:00Z,NA,NA,1,183,10,WM#4875,High,Rapidfire,5,0,Unbaited,None,NA,HF2X,21c150c509fdb5e1d5bf483325e66f06,2023-06-19T02:24:21Z,Justin Cally
StatewideDeer,55192,NA,r333u2hz,1,-37.659922,148.201301,2021-10-25,16:02:13,2021-12-16,16:04:16,2021-10-25T05:02:13Z,2021-12-16T05:04:16Z,NA,NA,0.63,180,2,HO04101907,High,Rapidfire,5,0,Unbaited,None,NA,HYPERFIRE 2 COVERT,40cb88ca3f255d94ce595ccebf753b6c,2023-06-19T01:57:43Z,Justin Cally
StatewideDeer,55311,NA,r337sxrn,1,-37.312506,148.215399,2022-11-23,10:31:21,2023-01-10,13:05:00,2022-11-22T23:31:21Z,2023-01-10T02:05:00Z,NA,NA,1,184,2,PM125,High,Rapidfire,5,0,Unbaited,None,NA,HF2 PRO COVERT,ee83c6cacc63c2484733da4050440f34,2023-06-19T01:57:43Z,Justin Cally
hog_deer_2023,55429,NA,r332ymuq,1,-37.804212,148.288394,2022-10-10,14:00:12,2022-11-23,14:13:00,2022-10-10T03:00:12Z,2022-11-23T03:13:00Z,NA,NA,1,200,0,WM#1276,High,Rapidfire,5,0,Unbaited,None,NA,HF2X,254db9d069ce07cc7c6f5f5d0b26d35e,2023-06-19T02:24:21Z,Justin Cally
StatewideDeer,55502,NA,r337qmmf,1,-37.368194,148.290425,2022-11-23,18:51:00,2023-01-10,15:00:00,2022-11-23T07:51:00Z,2023-01-10T04:00:00Z,NA,NA,1,190,1,PM121,High,Rapidfire,5,0,Unbaited,None,NA,HF2 PRO COVERT,7983d1b6939e51541e1b764f0945bc2a,2023-06-19T01:57:43Z,Justin Cally
hog_deer_2023,55607,NA,r338bnbs,1,-37.799015,148.360246,2022-10-10,15:31:44,2022-11-23,12:37:00,2022-10-10T04:31:44Z,2022-11-23T01:37:00Z,NA,NA,1,156,0,WM#1284,High,Rapidfire,5,0,Unbaited,None,NA,HF2X,09536834073609ee86f72d2c4bccde3c,2023-06-19T02:24:21Z,Justin Cally
StatewideDeer,55695,NA,r3390yn6,1,-37.75953,148.40106,2022-11-03,12:45:00,2022-12-20,10:45:00,2022-11-03T01:45:00Z,2022-12-19T23:45:00Z,2022-12-10T21:42:20Z,2022-12-19T23:45:00Z,1,180,0,PM34,High,Rapidfire,5,0,Unbaited,None,NA,HF2 PRO COVERT,16dc205e1b0db2222c29fbc46b5c54a4,2023-06-19T01:57:43Z,Justin Cally
StatewideDeer,55744,NA,r33t0d2k,1,-37.076726,148.382025,2023-02-02,15:42:00,2023-03-16,11:38:00,2023-02-02T04:42:00Z,2023-03-16T00:38:00Z,2023-02-03T19:59:23Z,2023-03-16T00:38:00Z,1.2,180,35,PM136,High,Rapidfire,5,0,Unbaited,None,NA,HF2 PRO COVERT,6d7e70d9ed76c6b2750171780bf80c18,2023-06-19T01:57:43Z,Justin Cally
StatewideDeer,55785,NA,r33d16sm,1,-37.60252,148.420235,2021-10-21,13:38:39,2021-12-16,14:53:57,2021-10-21T02:38:39Z,2021-12-16T03:53:57Z,NA,NA,1,190,2,HO04104519,High,Rapidfire,5,0,Unbaited,None,NA,HYPERFIRE 2 COVERT,0b1ed7020526514fc432e8a974413c31,2023-06-19T01:57:43Z,Justin Cally
hog_deer_2023,55807,NA,r338fpt5,1,-37.79515,148.454363,2022-10-11,08:57:56,2022-11-23,11:42:00,2022-10-10T21:57:56Z,2022-11-23T00:42:00Z,NA,NA,0.75,190,0,WM#1248,High,Rapidfire,5,0,Unbaited,None,NA,HF2X,350df514c6c8a70b656b8f8adc7fe517,2023-06-19T02:24:21Z,Justin Cally
StatewideDeer,55985,NA,r33e75vr,1,-37.375659,148.498658,2023-02-01,12:24:00,2023-03-14,18:30:00,2023-02-01T01:24:00Z,2023-03-14T07:30:00Z,NA,NA,1.2,200,15,PM44,High,Rapidfire,5,0,Unbaited,None,NA,HF2 PRO COVERT,f1b01c2c4bc1e45c90891f1a2c21f9df,2023-06-19T01:57:43Z,Justin Cally
hog_deer_2023,56027,NA,r339hdkd,1,-37.780259,148.563613,2022-10-11,10:29:24,2022-11-22,18:27:00,2022-10-10T23:29:24Z,2022-11-22T07:27:00Z,NA,NA,1,70,0,WM#1183,High,Rapidfire,5,0,Unbaited,None,NA,HF2X,14ce8598978f00d2550f5f7451119f2e,2023-06-19T02:24:21Z,Justin Cally
StatewideDeer,56106,NA,r33tgdju,1,-36.946329,148.521298,2023-02-02,11:03:00,2023-03-16,09:24:00,2023-02-02T00:03:00Z,2023-03-15T22:24:00Z,NA,NA,1,180,20,PM14,High,Rapidfire,5,0,Unbaited,None,NA,HF2 PRO COVERT,4737aa0d9c1dfb6afbfdb447da66ca75,2023-06-19T01:57:43Z,Justin Cally
StatewideDeer,56194,NA,r33dmvcq,1,-37.54053,148.61403,2022-11-03,11:00:00,2022-12-20,12:15:00,2022-11-03T00:00:00Z,2022-12-20T01:15:00Z,NA,NA,1,210,2,PM128,High,Rapidfire,5,0,Unbaited,None,NA,HF2 PRO COVERT,31f6caa131127e0d6ed4afce56e5f170,2023-06-19T01:57:43Z,Justin Cally
StatewideDeer,56253,NA,r33ew05w,1,-37.352329,148.62818,2023-01-30,14:24:00,2023-03-14,12:41:00,2023-01-30T03:24:00Z,2023-03-14T01:41:00Z,NA,NA,1,130,2,PM3,High,Rapidfire,5,0,Unbaited,None,NA,HF2 PRO COVERT,05ada0f35cbdfd8c8abbaed8ff9bf854,2023-06-19T01:57:43Z,Justin Cally
StatewideDeer,56370,NA,r339zc45,1,-37.65511,148.70271,2022-11-02,16:24:00,2022-12-20,13:20:00,2022-11-02T05:24:00Z,2022-12-20T02:20:00Z,NA,NA,1.2,160,5,PM129,High,Rapidfire,5,0,Unbaited,None,NA,HF2 PRO COVERT,55593b833224e5009e4fcccd9b272ebf,2023-06-19T01:57:43Z,Justin Cally
StatewideDeer,56383,NA,r33spn15,1,-37.232095,148.668581,2023-01-30,17:39:00,2023-03-14,14:34:00,2023-01-30T06:39:00Z,2023-03-14T03:34:00Z,NA,NA,1,180,3,PM137,High,Rapidfire,5,0,Unbaited,None,NA,HF2 PRO COVERT,317ff360891d91a4d389d853332083de,2023-06-19T01:57:43Z,Justin Cally
hog_deer_2023,56416,NA,r33bbnrw,1,-37.801463,148.721484,2022-10-11,11:42:21,2022-11-22,17:30:00,2022-10-11T00:42:21Z,2022-11-22T06:30:00Z,NA,NA,1,155,0,WM#3668,High,Rapidfire,5,0,Unbaited,None,NA,HF2X,42dee8fb4c35e7497b18ff840f4b9053,2023-06-19T02:24:21Z,Justin Cally
StatewideDeer,56465,NA,r33trwy0,1,-37.008702,148.697381,2023-02-01,16:54:00,2023-03-15,12:41:00,2023-02-01T05:54:00Z,2023-03-15T01:41:00Z,NA,NA,0.8,190,0,PM8,High,Rapidfire,5,0,Unbaited,None,NA,HF2 PRO COVERT,831d7215d84ae1782dd426e3878964be,2023-06-19T01:57:43Z,Justin Cally
StatewideDeer,56505,NA,r33gbwr1,1,-37.275058,148.742531,2021-10-26,10:56:10,2021-12-16,10:34:51,2021-10-25T23:56:10Z,2021-12-15T23:34:51Z,NA,NA,1,175,5,HO04104895,High,Rapidfire,5,0,Unbaited,None,NA,HYPERFIRE 2 COVERT,da63df912a35e84fd57526c99aaf8521,2023-06-19T01:57:43Z,Justin Cally
StatewideDeer,56587,NA,r33c6ps3,1,-37.707631,148.804857,2022-11-02,15:06:00,2022-12-20,14:09:00,2022-11-02T04:06:00Z,2022-12-20T03:09:00Z,NA,NA,1,155,0,PM106,High,Rapidfire,5,0,Unbaited,None,NA,HF2 PRO COVERT,41670173b06ec049e4a37e1b763de9c8,2023-06-19T01:57:43Z,Justin Cally
StatewideDeer,56621,NA,r33g6qt7,1,-37.361114,148.817352,2021-10-26,15:30:34,2021-12-16,12:19:54,2021-10-26T04:30:34Z,2021-12-16T01:19:54Z,NA,NA,1,180,10,HO04101248,High,Rapidfire,5,0,Unbaited,None,NA,HYPERFIRE 2 COVERT,087318e410dbb5964df1566ee28a7dca,2023-06-19T01:57:43Z,Justin Cally
StatewideDeer,56637,NA,r33f68b4,1,-37.568699,148.820954,2021-10-18,14:39:59,2021-12-08,13:34:51,2021-10-18T03:39:59Z,2021-12-08T02:34:51Z,NA,NA,1,220,0,HO04102721,High,Rapidfire,5,0,Unbaited,None,NA,HYPERFIRE 2 COVERT,1193bf2597242296c93fdeb92f5fa40b,2023-06-19T01:57:43Z,Justin Cally
StatewideDeer,56661,NA,r33f6g9y,1,-37.552975000000004,148.834266,2021-10-18,12:15:20,2021-12-08,12:27:50,2021-10-18T01:15:20Z,2021-12-08T01:27:50Z,NA,NA,1,166,20,HO04101261,High,Rapidfire,5,0,Unbaited,None,NA,HYPERFIRE 2 COVERT,1d461a6a703a501bc196c9a76ef79e41,2023-06-19T01:57:43Z,Justin Cally
StatewideDeer,56667,NA,r33g6wgx,1,-37.35902,148.825841,2023-01-31,11:27:00,2023-03-14,16:22:00,2023-01-31T00:27:00Z,2023-03-14T05:22:00Z,NA,NA,1,110,0,PM43,High,Rapidfire,5,0,Unbaited,None,NA,HF2 PRO COVERT,97d67a91f09086f26589e970252ffc9b,2023-06-19T01:57:43Z,Justin Cally
hog_deer_2023,56677,NA,r33c56w1,1,-37.77897376679745,148.8621324923058,2022-10-11,15:44:00,2022-11-22,15:27:00,2022-10-11T04:44:00Z,2022-11-22T04:27:00Z,NA,NA,1,164,5,WM#4549,High,Rapidfire,5,0,Unbaited,None,NA,HF2X,ac2f45282880a768989715f6abdf6ac9,2023-06-19T02:24:21Z,Justin Cally
StatewideDeer,56741,NA,r33ug2js,1,-37.132951,148.861399,2023-01-31,17:58:00,2023-03-15,11:11:00,2023-01-31T06:58:00Z,2023-03-15T00:11:00Z,NA,NA,1,160,2,PM42,High,Rapidfire,5,0,Unbaited,None,NA,HF2 PRO COVERT,bfb99a4a49cccf85797789a6223464a2,2023-06-19T01:57:43Z,Justin Cally
hog_deer_2023,56832,NA,r33cjms2,1,-37.76269619692031,148.94752107512227,2022-10-11,13:38:00,2022-11-22,13:57:00,2022-10-11T02:38:00Z,2022-11-22T02:57:00Z,2022-11-22T01:53:44Z,2022-11-22T02:57:00Z,1,162,0,WM#1930,High,Rapidfire,5,0,Unbaited,None,NA,HF2X,195a7122f2a77373eae6a4ec5672a24d,2023-06-19T02:24:21Z,Justin Cally
StatewideDeer,56833,NA,r33cmmuu,1,-37.71662,148.94827,2022-11-02,11:28:00,2022-12-20,15:29:00,2022-11-02T00:28:00Z,2022-12-20T04:29:00Z,NA,NA,1,180,15,PM126,High,Rapidfire,5,0,Unbaited,None,NA,HF2 PRO COVERT,e7400a71f8c2525e075e820785d5824c,2023-06-19T01:57:43Z,Justin Cally
StatewideDeer,56881,NA,r33fmu3g,1,-37.549233,148.966298,2021-10-21,10:48:18,2021-12-08,14:48:18,2021-10-20T23:48:18Z,2021-12-08T03:48:18Z,NA,NA,1,180,20,HO04104841,High,Rapidfire,5,0,Unbaited,None,NA,HYPERFIRE 2 COVERT,593d2d4a17ed78c99e6f6ae1839022b8,2023-06-19T01:57:43Z,Justin Cally
StatewideDeer,56890,NA,r33ujd1f,1,-37.254136,148.955175,2023-01-31,15:21:00,2023-03-15,10:09:00,2023-01-31T04:21:00Z,2023-03-14T23:09:00Z,NA,NA,1,136,0,PM5,High,Rapidfire,5,0,Unbaited,None,NA,HF2 PRO COVERT,a2b1e9adff2cd83fd280bf768c46d2dc,2023-06-19T01:57:43Z,Justin Cally
StatewideDeer,57101,NA,r3618z3j,1,-37.664325,149.097023,2021-10-20,15:38:45,2021-12-08,18:45:25,2021-10-20T04:38:45Z,2021-12-08T07:45:25Z,NA,NA,1,175,5,HO04102450,High,Rapidfire,5,0,Unbaited,None,NA,HYPERFIRE 2 COVERT,1927cb7dd2d4f6adf1c66cbb7d909d9b,2023-06-19T01:57:43Z,Justin Cally
hog_deer_2023,57157,NA,r3613c9n,1,-37.73967514290164,149.14100301599154,2022-10-11,10:44:00,2022-11-23,09:35:00,2022-10-10T23:44:00Z,2022-11-22T22:35:00Z,NA,NA,1,151,5,WM#2802,High,Rapidfire,5,0,Unbaited,None,NA,HF2X,07b0e4067b0d243819283b9c4c2584eb,2023-06-19T02:24:21Z,Justin Cally
StatewideDeer,57166,NA,r364cqfg,1,-37.447677,149.121313,2021-10-20,12:07:04,2021-12-08,17:38:39,2021-10-20T01:07:04Z,2021-12-08T06:38:39Z,NA,NA,1,155,1,HO04102718,High,Rapidfire,5,0,Unbaited,None,NA,HYPERFIRE 2 COVERT,4579c5d3aeb8593dd4736dc0119842b3,2023-06-19T01:57:43Z,Justin Cally
StatewideDeer,57281,NA,r365e0u6,1,-37.34903,149.20021,2022-11-01,15:01:00,2022-12-21,09:44:00,2022-11-01T04:01:00Z,2022-12-20T22:44:00Z,NA,NA,1,170,5,PM150,High,Rapidfire,5,0,Unbaited,None,NA,HF2 PRO COVERT,b780e2601934c353e92cd3c3cc1268b9,2023-06-19T01:57:43Z,Justin Cally
StatewideDeer,57354,NA,r365s55m,1,-37.33609,149.242828,2021-10-20,09:43:46,2021-12-08,16:12:28,2021-10-19T22:43:46Z,2021-12-08T05:12:28Z,2021-11-23T01:26:28Z,2021-12-08T05:12:28Z,1,225,5,HO04102717,High,Rapidfire,5,0,Unbaited,None,NA,HYPERFIRE 2 COVERT,d419b8ab7e150f614ea23fd4dd994e18,2023-06-19T01:57:43Z,Justin Cally
StatewideDeer,57470,NA,r364wr4t,1,-37.489968,149.340806,2021-10-19,19:48:14,2021-12-09,10:40:09,2021-10-19T08:48:14Z,2021-12-08T23:40:09Z,NA,NA,1,155,10,HO04101259,High,Rapidfire,5,0,Unbaited,None,NA,HYPERFIRE 2 COVERT,e4622c91040d9a0935403c5b366be897,2023-06-19T01:57:43Z,Justin Cally
StatewideDeer,57619,NA,r36394du,1,-37.690571,149.461798,2021-10-19,11:58:30,2021-12-09,09:27:47,2021-10-19T00:58:30Z,2021-12-08T22:27:47Z,NA,NA,1,170,15,HO04101535,High,Rapidfire,5,0,Unbaited,None,NA,HYPERFIRE 2 COVERT,ee7b17357a1c281180abe0d747d65786,2023-06-19T01:57:43Z,Justin Cally
StatewideDeer,57680,NA,r366d5x4,1,-37.50972,149.51176,2022-11-01,12:27:00,2022-12-21,13:18:00,2022-11-01T01:27:00Z,2022-12-21T02:18:00Z,NA,NA,1,170,0,PM116,High,Rapidfire,5,0,Unbaited,None,NA,HF2 PRO COVERT,0de408633e79e35483658e713e372823,2023-06-19T01:57:43Z,Justin Cally
StatewideDeer,57707,NA,r366f85x,1,-37.484061,149.528835,2021-10-19,09:17:43,2021-12-09,08:03:51,2021-10-18T22:17:43Z,2021-12-08T21:03:51Z,2021-12-05T09:05:21Z,2021-12-08T21:03:51Z,1,180,5,HO04101250,High,Rapidfire,5,0,Unbaited,None,NA,HYPERFIRE 2 COVERT,7535bd4d2d4c1b579a5acf9647f10280,2023-06-19T01:57:43Z,Justin Cally
StatewideDeer,57857,NA,r366n8dr,1,-37.613085,149.702982,2022-11-01,10:32:00,2022-12-21,11:49:00,2022-10-31T23:32:00Z,2022-12-21T00:49:00Z,2022-12-20T16:25:32Z,2022-12-21T00:49:00Z,1,183,0,PM148,High,Rapidfire,5,0,Unbaited,None,NA,HF2 PRO COVERT,cecd27b6a847b269ab69df9c68a8d0ec,2023-06-19T01:57:43Z,Justin Cally
hog_deer_2023,57945,NA,r305tb0r,1,-38.7585,146.5032,2022-11-07,17:08:00,2023-01-24,11:17:00,2022-11-07T06:08:00Z,2023-01-24T00:17:00Z,NA,NA,1.2,208,0,WM#5111,High,Rapidfire,5,0,Unbaited,None,NA,HF2X,ebdfbfee64d3f2fa9b322b153b3fdf7c,2023-06-19T02:24:21Z,Justin Cally
hog_deer_2023,57946,NA,r305rnzv,1,-38.765773,146.56828,2022-11-07,16:33:00,2023-01-24,12:46:00,2022-11-07T05:33:00Z,2023-01-24T01:46:00Z,NA,NA,1,180,0,WM#1907,High,Rapidfire,5,0,Unbaited,None,NA,HF2X,8573e40f7c8f9b0ca20e0cf84eee3266,2023-06-19T02:24:21Z,Justin Cally
StatewideDeer,6217,NA,r1u9yv8t,1,-34.81752,141.62563,2021-10-16,17:41:00,2021-12-08,17:05:00,2021-10-16T06:41:00Z,2021-12-08T06:05:00Z,2021-10-28T23:53:43Z,2021-12-08T06:05:00Z,1,211,1,HO04102800,High,Rapidfire,5,0,Unbaited,None,NA,HYPERFIRE 2 COVERT,2336667f4a936b25f6aaaeab8cd42475,2023-06-19T01:57:43Z,Justin Cally
StatewideDeer,6727,NA,r1u9xrhq,1,-34.85294,141.65268,2021-10-16,16:27:00,2021-12-08,17:48:00,2021-10-16T05:27:00Z,2021-12-08T06:48:00Z,NA,NA,1,150,0,HO04102421,High,Rapidfire,5,0,Unbaited,None,NA,HYPERFIRE 2 COVERT,a321430ff09886f9b9b0c19b2e198628,2023-06-19T01:57:43Z,Justin Cally
StatewideDeer,6794,NA,r1ktvzky,1,-36.917149,141.587612,2022-09-17,09:00:00,2022-11-08,06:00:00,2022-09-16T23:00:00Z,2022-11-07T19:00:00Z,NA,NA,1,200,1,H2RXHO04102688,High,Rapidfire,5,0,Unbaited,None,NA,HYPERFIRE 2 COVERT,10835095f4484a34dea5afa7e751b948,2023-06-19T01:57:43Z,Justin Cally
StatewideDeer,7113,NA,r1uc2kf9,1,-34.91011,141.69437,2021-10-17,09:25:00,2021-12-08,18:26:00,2021-10-16T22:25:00Z,2021-12-08T07:26:00Z,NA,NA,1,202,1,HO04102703,High,Rapidfire,5,0,Unbaited,None,NA,HYPERFIRE 2 COVERT,8da055513a289021777e8d022c887f7a,2023-06-19T01:57:43Z,Justin Cally
StatewideDeer,7323,NA,r1kxxq2v,1,-36.615034,141.647946,2022-04-05,10:01:34,2022-05-11,10:45:00,2022-04-05T00:01:34Z,2022-05-11T00:45:00Z,NA,NA,1,180,0,HO04102687,High,Rapidfire,5,0,Unbaited,None,NA,HYPERFIRE 2 COVERT,8f5467bd85bc774cf4c28d3452522236,2023-06-19T01:57:43Z,Justin Cally
StatewideDeer,7455,NA,r1s8pmdy,1,-36.531224,141.65059,2022-04-05,09:14:48,2022-05-11,11:00:00,2022-04-04T23:14:48Z,2022-05-11T01:00:00Z,NA,NA,1,170,1,HO04104980,High,Rapidfire,5,0,Unbaited,None,NA,HYPERFIRE 2 COVERT,282b88139a2af3998ea297cc4e366406,2023-06-19T01:57:43Z,Justin Cally
StatewideDeer,8300,NA,r1hxrcn7,1,-38.094548,141.677324,2022-03-31,09:08:21,2022-05-09,16:50:00,2022-03-30T22:08:21Z,2022-05-09T06:50:00Z,NA,NA,1,170,0,HO04101704,High,Rapidfire,5,0,Unbaited,None,NA,HYPERFIRE 2 COVERT,17729ea743a85f9f6fba12da83750233,2023-06-19T01:57:43Z,Justin Cally
StatewideDeer,832,NA,r1sk193g,1,-35.85188,141.04509,2021-10-15,15:00:00,2021-12-08,11:00:00,2021-10-15T04:00:00Z,2021-12-08T00:00:00Z,NA,NA,1,160,2,HO04102395,High,Rapidfire,5,0,Unbaited,None,NA,HYPERFIRE 2 COVERT,dd526cf189de83c282cbfc531f864f7a,2023-06-19T01:57:43Z,Justin Cally
StatewideDeer,8721,NA,r1sbd9c0,1,-36.464832,141.791146,2022-09-16,16:55:00,2022-11-09,11:16:00,2022-09-16T06:55:00Z,2022-11-09T00:16:00Z,NA,NA,1,196,5,H2RXHO04101664,High,Rapidfire,5,0,Unbaited,None,NA,HYPERFIRE 2 COVERT,cf3e6c03a8ca3704c55c461b7b3b8e39,2023-06-19T01:57:43Z,Justin Cally
StatewideDeer,900,NA,r1kk0jyh,1,-37.233351999999996,140.985013,2022-09-17,11:06:00,2022-11-08,16:07:00,2022-09-17T01:06:00Z,2022-11-08T05:07:00Z,NA,NA,1,174,2,H2RXHO04104949,High,Rapidfire,5,0,Unbaited,None,NA,HYPERFIRE 2 COVERT,1df384a50bf7202cee348717f26a8cba,2023-06-19T01:57:43Z,Justin Cally
StatewideDeer,9941,NA,r1kuhhst,1,-37.24001,141.86176,2021-10-14,14:18:00,2021-12-07,11:00:00,2021-10-14T03:18:00Z,2021-12-07T00:00:00Z,NA,NA,1,190,2,HO04101051,High,Rapidfire,5,0,Unbaited,None,NA,HYPERFIRE 2 COVERT,81fe7d6e65c380b1f47e178cc5d70d30,2023-06-19T01:57:43Z,Justin Cally
